,Day,Price,Sentiment
0,20150105,3.22,-0.5340765909506724
1,20150106,2.98,-0.3370252274549924
2,20150107,3.08,-0.0653569812958057
3,20150108,2.92,-0.3265901460097386
4,20150109,2.96,-0.3744037116949374
5,20150112,2.9,-0.2879795787426141
6,20150113,2.92,-0.3265901460097386
7,20150114,3.15,-0.3090599041718703
8,20150115,3.32,-0.2890005065844609
9,20150116,3.11,-0.3871936614696796
10,20150120,2.94,-0.3576646172083341
11,20150121,2.94,-0.3576646172083341
12,20150122,2.95,-0.4405647791348971
13,20150123,2.96,-0.3744037116949374
14,20150126,2.92,-0.3265901460097386
15,20150127,2.96,-0.3744037116949374
16,20150128,2.89,-0.3986069560050964
17,20150129,2.88,-0.0143830661590282
18,20150130,2.88,-0.0143830661590282
19,20150202,2.88,-0.0143830661590282
20,20150203,2.67,-0.7690418305305334
21,20150204,2.73,-0.3630430503533436
22,20150205,2.66,-0.5578327373816416
23,20150206,2.66,-0.5578327373816416
24,20150209,2.62,-0.473056741631948
25,20150210,2.67,-0.7690418305305334
26,20150211,2.86,-0.5241784258530691
27,20150212,2.86,-0.5241784258530691
28,20150213,2.75,-0.193165870813223
29,20150217,2.75,-0.193165870813223
30,20150218,2.92,-0.3265901460097386
31,20150219,2.92,-0.3265901460097386
32,20150220,3.02,-0.2647015945269511
33,20150223,3.22,-0.5340765909506724
34,20150224,3.22,-0.5340765909506724
35,20150225,3.21,-0.4321380463930276
36,20150226,3.21,-0.4321380463930276
37,20150227,2.79,-0.3217151554731222
38,20150302,2.79,-0.3217151554731222
39,20150303,3.0,-0.3970408210387596
40,20150304,3.27,-0.4176868429550758
41,20150305,3.27,-0.4176868429550758
42,20150306,2.89,-0.3986069560050964
43,20150309,2.75,-0.193165870813223
44,20150310,2.76,-0.4834038133804614
45,20150311,2.76,-0.4834038133804614
46,20150312,2.82,-0.1226444232922333
47,20150313,2.72,-0.1242770013900903
48,20150316,2.68,-0.5839033734339935
49,20150317,2.82,-0.1226444232922333
50,20150318,2.8,-0.5047634129340832
51,20150319,2.86,-0.5241784258530691
52,20150320,2.86,-0.5241784258530691
53,20150323,2.72,-0.1242770013900903
54,20150324,2.79,-0.3217151554731222
55,20150325,2.77,-0.2954274920316843
56,20150326,2.77,-0.2954274920316843
57,20150327,2.89,-0.3986069560050964
58,20150330,2.64,-0.3366617824022586
59,20150331,2.65,-0.8192868037865713
60,20150401,2.62,-0.473056741631948
61,20150402,2.63,-0.4000471543807249
62,20150406,2.63,-0.4000471543807249
63,20150407,2.71,-0.2968936402064103
64,20150408,2.71,-0.2968936402064103
65,20150409,2.72,-0.1242770013900903
66,20150410,2.58,-0.3207287341356277
67,20150413,2.58,-0.3207287341356277
68,20150414,2.58,-0.3207287341356277
69,20150415,2.62,-0.473056741631948
70,20150416,2.61,0.0489645955654291
71,20150417,2.67,-0.7690418305305334
72,20150420,2.57,-0.4890455901622772
73,20150421,2.59,-0.4505395121299304
74,20150422,2.63,-0.4000471543807249
75,20150423,2.59,-0.4505395121299304
76,20150424,2.59,-0.4505395121299304
77,20150427,2.5,-0.2902010770944448
78,20150428,2.55,-0.7996637190763767
79,20150429,2.55,-0.7996637190763767
80,20150430,2.56,-0.5480467803203143
81,20150501,2.68,-0.5839033734339935
82,20150504,2.72,-0.1242770013900903
83,20150505,2.76,-0.4834038133804614
84,20150506,2.76,-0.4834038133804614
85,20150507,2.74,-0.2897709275667484
86,20150508,2.78,-0.3650257117473162
87,20150511,2.85,-0.5364674077584193
88,20150512,2.85,-0.5364674077584193
89,20150513,2.85,-0.5364674077584193
90,20150514,2.87,-0.1796249208542016
91,20150515,2.96,-0.3744037116949374
92,20150518,3.01,-0.3157625393225596
93,20150519,3.01,-0.3157625393225596
94,20150520,3.04,-0.2189698184912021
95,20150521,2.96,-0.3744037116949374
96,20150522,2.96,-0.3744037116949374
97,20150526,2.82,-0.1226444232922333
98,20150527,2.82,-0.1226444232922333
99,20150528,2.78,-0.3650257117473162
100,20150529,2.78,-0.3650257117473162
101,20150601,2.78,-0.3650257117473162
102,20150602,2.63,-0.4000471543807249
103,20150603,2.65,-0.8192868037865713
104,20150604,2.6,-0.3720721762913924
105,20150605,2.6,-0.3720721762913924
106,20150608,2.6,-0.3720721762913924
107,20150609,2.72,-0.1242770013900903
108,20150610,2.81,-0.349920120376807
109,20150611,2.88,-0.0143830661590282
110,20150612,2.88,-0.0143830661590282
111,20150615,2.89,-0.3986069560050964
112,20150616,2.94,-0.3576646172083341
113,20150617,2.93,-0.3383551847476225
114,20150618,2.93,-0.3383551847476225
115,20150619,2.81,-0.349920120376807
116,20150622,2.79,-0.3217151554731222
117,20150623,2.83,-0.1343161727373416
118,20150624,2.83,-0.1343161727373416
119,20150625,2.8,-0.5047634129340832
120,20150626,2.77,-0.2954274920316843
121,20150629,2.77,-0.2954274920316843
122,20150630,2.8,-0.5047634129340832
123,20150701,2.78,-0.3650257117473162
124,20150702,2.79,-0.3217151554731222
125,20150703,2.79,-0.3217151554731222
126,20150706,2.79,-0.3217151554731222
127,20150707,2.77,-0.2954274920316843
128,20150708,2.77,-0.2954274920316843
129,20150709,2.7,-0.4448337979041613
130,20150710,2.7,-0.4448337979041613
131,20150713,2.88,-0.0143830661590282
132,20150714,2.88,-0.0143830661590282
133,20150715,2.93,-0.3383551847476225
134,20150716,2.9,-0.2879795787426141
135,20150717,2.88,-0.0143830661590282
136,20150720,2.88,-0.0143830661590282
137,20150721,2.84,-0.4457995834258886
138,20150722,2.84,-0.4457995834258886
139,20150723,2.92,-0.3265901460097386
140,20150724,2.92,-0.3265901460097386
141,20150727,2.92,-0.3265901460097386
142,20150728,2.89,-0.3986069560050964
143,20150729,2.91,-0.2954111867226087
144,20150730,2.87,-0.1796249208542016
145,20150731,2.76,-0.4834038133804614
146,20150803,2.76,-0.4834038133804614
147,20150804,2.83,-0.1343161727373416
148,20150805,2.85,-0.5364674077584193
149,20150806,2.76,-0.4834038133804614
150,20150807,2.76,-0.4834038133804614
151,20150810,2.85,-0.5364674077584193
152,20150811,2.84,-0.4457995834258886
153,20150812,2.93,-0.3383551847476225
154,20150813,2.93,-0.3383551847476225
155,20150814,2.83,-0.1343161727373416
156,20150817,2.79,-0.3217151554731222
157,20150818,2.71,-0.2968936402064103
158,20150819,2.77,-0.2954274920316843
159,20150820,2.77,-0.2954274920316843
160,20150821,2.7,-0.4448337979041613
161,20150824,2.65,-0.8192868037865713
162,20150825,2.71,-0.2968936402064103
163,20150826,2.73,-0.3630430503533436
164,20150827,2.69,-0.121839091181755
165,20150828,2.69,-0.121839091181755
166,20150831,2.7,-0.4448337979041613
167,20150901,2.7,-0.4448337979041613
168,20150902,2.7,-0.4448337979041613
169,20150903,2.67,-0.7690418305305334
170,20150904,2.67,-0.7690418305305334
171,20150907,2.67,-0.7690418305305334
172,20150908,2.74,-0.2897709275667484
173,20150909,2.74,-0.2897709275667484
174,20150910,2.71,-0.2968936402064103
175,20150911,2.67,-0.7690418305305334
176,20150914,2.7,-0.4448337979041613
177,20150915,2.74,-0.2897709275667484
178,20150916,2.69,-0.121839091181755
179,20150917,2.69,-0.121839091181755
180,20150918,2.69,-0.121839091181755
181,20150921,2.61,0.0489645955654291
182,20150922,2.61,0.0489645955654291
183,20150923,2.62,-0.473056741631948
184,20150924,2.62,-0.473056741631948
185,20150925,2.6,-0.3720721762913924
186,20150928,2.66,-0.5578327373816416
187,20150929,2.57,-0.4890455901622772
188,20150930,2.47,-0.5505976436229852
189,20151001,2.37,-0.1082903513541588
190,20151002,2.37,-0.1082903513541588
191,20151005,2.34,-0.5443048236461786
192,20151006,2.35,0.1034557120158122
193,20151007,2.35,0.1034557120158122
194,20151008,2.35,0.1034557120158122
195,20151009,2.49,-0.6586652019849191
196,20151012,2.48,-0.2802478820085525
197,20151013,2.47,-0.5505976436229852
198,20151014,2.47,-0.5505976436229852
199,20151015,2.54,-0.3385685304036507
200,20151016,2.42,-0.31956703043901
201,20151019,2.43,-0.3093797266483307
202,20151020,2.46,-0.5037054717540741
203,20151021,2.37,-0.1082903513541588
204,20151022,2.37,-0.1082903513541588
205,20151023,2.28,-0.1027810046306023
206,20151026,2.18,-0.1289785916988666
207,20151027,2.14,-0.223069245998676
208,20151028,2.14,-0.223069245998676
209,20151029,2.15,-0.1082948962083229
210,20151030,1.98,0.0999650932275331
211,20151102,1.92,0.0822847714790931
212,20151103,1.92,0.0822847714790931
213,20151104,2.04,-0.104177081814179
214,20151105,2.04,-0.104177081814179
215,20151106,2.19,-0.178623637327781
216,20151109,2.19,-0.178623637327781
217,20151110,2.14,-0.223069245998676
218,20151111,2.13,-0.3094404282478186
219,20151112,2.05,-0.3505083081813959
220,20151113,2.02,-0.503908634185791
221,20151116,2.02,-0.503908634185791
222,20151117,2.05,-0.3505083081813959
223,20151118,2.1,-0.4137783371485196
224,20151119,2.1,-0.4137783371485196
225,20151120,2.18,-0.1289785916988666
226,20151123,2.18,-0.1289785916988666
227,20151124,2.14,-0.223069245998676
228,20151125,2.14,-0.223069245998676
229,20151126,2.14,-0.223069245998676
230,20151127,2.14,-0.223069245998676
231,20151130,2.11,-0.4634904242478884
232,20151201,2.11,-0.4634904242478884
233,20151202,2.19,-0.178623637327781
234,20151203,2.14,-0.223069245998676
235,20151204,2.1,-0.4137783371485196
236,20151207,2.06,-0.1576096449907009
237,20151208,2.01,-0.5603847182714022
238,20151209,2.0,-0.3000429582137328
239,20151210,1.95,0.0833485034795907
240,20151211,1.79,-0.2661432337302428
241,20151214,1.7,0.0221981543761033
242,20151215,1.66,-0.2605843486694189
243,20151216,1.7,0.0221981543761033
244,20151217,1.79,-0.2661432337302428
245,20151218,1.74,-0.2813182988992104
246,20151221,1.76,-0.0351348542250119
247,20151222,1.73,-0.0405792101071431
248,20151223,1.63,-0.2301873140610181
249,20151224,1.63,-0.2301873140610181
250,20151225,1.63,-0.2301873140610181
251,20151228,2.11,-0.4634904242478884
252,20151229,2.39,-0.2550940765784337
253,20151230,2.28,-0.1027810046306023
254,20151231,2.28,-0.1027810046306023
255,20160101,2.28,-0.1027810046306023
256,20160104,2.39,-0.2550940765784337
257,20160105,2.33,-0.0339278395359332
258,20160106,2.37,-0.1082903513541588
259,20160107,2.35,0.1034557120158122
260,20160108,2.47,-0.5505976436229852
261,20160111,2.54,-0.3385685304036507
262,20160112,2.4,-0.4155985690080203
263,20160113,2.28,-0.1027810046306023
264,20160114,2.21,-0.0938495936302038
265,20160115,2.18,-0.1289785916988666
266,20160118,2.18,-0.1289785916988666
267,20160119,2.23,-0.4056013616231771
268,20160120,2.18,-0.1289785916988666
269,20160121,2.22,-0.4227605015039444
270,20160122,2.21,-0.0938495936302038
271,20160125,2.16,-0.3127145205552761
272,20160126,2.26,0.1009048716380046
273,20160127,2.26,0.1009048716380046
274,20160128,2.15,-0.1082948962083229
275,20160129,2.28,-0.1027810046306023
276,20160201,2.28,-0.1027810046306023
277,20160202,2.07,-0.4442219894665938
278,20160203,2.06,-0.1576096449907009
279,20160204,2.07,-0.4442219894665938
280,20160205,2.08,-0.0982790486170695
281,20160208,2.23,-0.4056013616231771
282,20160209,2.17,-0.4234598806271186
283,20160210,2.16,-0.3127145205552761
284,20160211,2.15,-0.1082948962083229
285,20160212,2.08,-0.0982790486170695
286,20160215,2.08,-0.0982790486170695
287,20160216,1.95,0.0833485034795907
288,20160217,1.93,-0.1677119261943377
289,20160218,1.89,-0.0851708123317131
290,20160219,1.83,-0.1309735946930371
291,20160222,1.86,-0.3120308105762188
292,20160223,1.85,0.1346651705411764
293,20160224,1.85,0.1346651705411764
294,20160225,1.78,-0.1517024063147031
295,20160226,1.78,-0.1517024063147031
296,20160229,1.62,-0.4747140545111436
297,20160301,1.57,-0.5332812059384126
298,20160302,1.6,-0.2302375573378343
299,20160303,1.59,0.3909410903087029
300,20160304,1.49,-0.2883221942644853
301,20160307,1.56,-0.0727600994018407
302,20160308,1.6,-0.2302375573378343
303,20160309,1.61,-0.1967233511117788
304,20160310,1.72,-0.3611882157050646
305,20160311,1.74,-0.2813182988992104
306,20160314,1.68,-0.2215823485301091
307,20160315,1.81,-0.0627131920594435
308,20160316,1.77,-0.0350501927045675
309,20160317,1.84,-0.2284206759471159
310,20160318,1.84,-0.2284206759471159
311,20160321,1.79,-0.2661432337302428
312,20160322,1.79,-0.2661432337302428
313,20160323,1.79,-0.2661432337302428
314,20160324,1.78,-0.1517024063147031
315,20160325,1.78,-0.1517024063147031
316,20160328,1.78,-0.1517024063147031
317,20160329,1.77,-0.0350501927045675
318,20160330,1.87,-0.4630116648398913
319,20160331,1.98,0.0999650932275331
320,20160401,1.88,0.14717698097229
321,20160404,1.96,-0.2369510749211678
322,20160405,1.96,-0.2369510749211678
323,20160406,1.91,-0.0978662142386803
324,20160407,1.96,-0.2369510749211678
325,20160408,1.99,-0.4751773774623871
326,20160411,1.9,-0.2422726796223567
327,20160412,1.97,-0.3725985449094038
328,20160413,2.01,-0.5603847182714022
329,20160414,1.93,-0.1677119261943377
330,20160415,1.71,0.0305149142558758
331,20160418,1.76,-0.0351348542250119
332,20160419,1.94,-0.0440250084950373
333,20160420,1.94,-0.0440250084950373
334,20160421,1.96,-0.2369510749211678
335,20160422,1.92,0.0822847714790931
336,20160425,1.97,-0.3725985449094038
337,20160426,1.97,-0.3725985449094038
338,20160427,1.88,0.14717698097229
339,20160428,1.88,0.14717698097229
340,20160429,1.89,-0.0851708123317131
341,20160502,1.91,-0.0978662142386803
342,20160503,1.94,-0.0440250084950373
343,20160504,2.03,0.0803272414665955
344,20160505,2.05,-0.3505083081813959
345,20160506,1.86,-0.3120308105762188
346,20160509,2.01,-0.5603847182714022
347,20160510,2.01,-0.5603847182714022
348,20160511,2.01,-0.5603847182714022
349,20160512,2.01,-0.5603847182714022
350,20160513,1.96,-0.2369510749211678
351,20160516,1.91,-0.0978662142386803
352,20160517,1.97,-0.3725985449094038
353,20160518,1.91,-0.0978662142386803
354,20160519,1.83,-0.1309735946930371
355,20160520,1.81,-0.0627131920594435
356,20160523,1.96,-0.2369510749211678
357,20160524,1.91,-0.0978662142386803
358,20160525,1.77,-0.0350501927045675
359,20160526,1.77,-0.0350501927045675
360,20160527,1.77,-0.0350501927045675
361,20160530,1.77,-0.0350501927045675
362,20160531,2.12,-0.56257914350583
363,20160601,2.25,-0.476942812020962
364,20160602,2.3,0.0147155844248258
365,20160603,2.31,-0.0747935416606756
366,20160606,2.32,-0.0079265271241848
367,20160607,2.32,-0.0079265271241848
368,20160608,2.36,-0.4845222188876225
369,20160609,2.34,-0.5443048236461786
370,20160610,2.46,-0.5037054717540741
371,20160613,2.55,-0.7996637190763767
372,20160614,2.55,-0.7996637190763767
373,20160615,2.62,-0.473056741631948
374,20160616,2.62,-0.473056741631948
375,20160617,2.59,-0.4505395121299304
376,20160620,2.74,-0.2897709275667484
377,20160621,2.79,-0.3217151554731222
378,20160622,2.82,-0.1226444232922333
379,20160623,2.69,-0.121839091181755
380,20160624,2.71,-0.2968936402064103
381,20160627,2.79,-0.3217151554731222
382,20160628,2.89,-0.3986069560050964
383,20160629,2.94,-0.3576646172083341
384,20160630,2.94,-0.3576646172083341
385,20160701,2.89,-0.3986069560050964
386,20160704,2.89,-0.3986069560050964
387,20160705,2.82,-0.1226444232922333
388,20160706,2.82,-0.1226444232922333
389,20160707,2.78,-0.3650257117473162
390,20160708,2.8,-0.5047634129340832
391,20160711,2.88,-0.0143830661590282
392,20160712,2.88,-0.0143830661590282
393,20160713,2.81,-0.349920120376807
394,20160714,2.79,-0.3217151554731222
395,20160715,2.7,-0.4448337979041613
396,20160718,2.83,-0.1343161727373416
397,20160719,2.83,-0.1343161727373416
398,20160720,2.76,-0.4834038133804614
399,20160721,2.76,-0.4834038133804614
400,20160722,2.8,-0.5047634129340832
401,20160725,2.8,-0.5047634129340832
402,20160726,2.84,-0.4457995834258886
403,20160727,2.84,-0.4457995834258886
404,20160728,2.79,-0.3217151554731222
405,20160729,2.97,-0.2364736566176781
406,20160801,2.97,-0.2364736566176781
407,20160802,2.79,-0.3217151554731222
408,20160803,2.89,-0.3986069560050964
409,20160804,2.89,-0.3986069560050964
410,20160805,2.88,-0.0143830661590282
411,20160808,2.85,-0.5364674077584193
412,20160809,2.85,-0.5364674077584193
413,20160810,2.76,-0.4834038133804614
414,20160811,2.7,-0.4448337979041613
415,20160812,2.7,-0.4448337979041613
416,20160815,2.75,-0.193165870813223
417,20160816,2.75,-0.193165870813223
418,20160817,2.76,-0.4834038133804614
419,20160818,2.75,-0.193165870813223
420,20160819,2.67,-0.7690418305305334
421,20160822,2.75,-0.193165870813223
422,20160823,2.75,-0.193165870813223
423,20160824,2.82,-0.1226444232922333
424,20160825,2.89,-0.3986069560050964
425,20160826,2.91,-0.2954111867226087
426,20160829,2.97,-0.2364736566176781
427,20160830,2.95,-0.4405647791348971
428,20160831,2.95,-0.4405647791348971
429,20160901,2.95,-0.4405647791348971
430,20160902,2.88,-0.0143830661590282
431,20160905,2.88,-0.0143830661590282
432,20160906,2.88,-0.0143830661590282
433,20160907,2.77,-0.2954274920316843
434,20160908,2.88,-0.0143830661590282
435,20160909,2.93,-0.3383551847476225
436,20160912,3.04,-0.2189698184912021
437,20160913,3.04,-0.2189698184912021
438,20160914,3.07,-0.5831931451192269
439,20160915,2.98,-0.3370252274549924
440,20160916,2.97,-0.2364736566176781
441,20160919,3.0,-0.3970408210387596
442,20160920,3.12,-0.2342816086915823
443,20160921,3.19,-0.1352771818637848
444,20160922,3.18,-0.1303581939293788
445,20160923,3.06,-0.0919837137827506
446,20160926,3.06,-0.0919837137827506
447,20160927,3.09,-0.3707514164539484
448,20160928,3.07,-0.5831931451192269
449,20160929,2.98,-0.3370252274549924
450,20160930,2.84,-0.4457995834258886
451,20161003,2.84,-0.4457995834258886
452,20161004,2.83,-0.1343161727373416
453,20161005,2.83,-0.1343161727373416
454,20161006,3.04,-0.2189698184912021
455,20161007,3.02,-0.2647015945269511
456,20161010,3.18,-0.1303581939293788
457,20161011,3.17,-0.2368615900094692
458,20161012,3.17,-0.2368615900094692
459,20161013,3.16,-0.4754737902146119
460,20161014,3.18,-0.1303581939293788
461,20161017,3.21,-0.4321380463930276
462,20161018,3.25,-0.6799043875474197
463,20161019,3.18,-0.1303581939293788
464,20161020,3.12,-0.2342816086915823
465,20161021,2.92,-0.3265901460097386
466,20161024,2.78,-0.3650257117473162
467,20161025,2.69,-0.121839091181755
468,20161026,2.69,-0.121839091181755
469,20161027,2.72,-0.1242770013900903
470,20161028,2.72,-0.1242770013900903
471,20161031,2.85,-0.5364674077584193
472,20161101,2.53,-0.4629014226106497
473,20161102,2.53,-0.4629014226106497
474,20161103,2.41,-0.3148190723015712
475,20161104,2.2,-0.1106960739080722
476,20161107,2.37,-0.1082903513541588
477,20161108,2.34,-0.5443048236461786
478,20161109,2.22,-0.4227605015039444
479,20161110,2.08,-0.0982790486170695
480,20161111,2.08,-0.0982790486170695
481,20161114,2.26,0.1009048716380046
482,20161115,2.49,-0.6586652019849191
483,20161116,2.49,-0.6586652019849191
484,20161117,2.37,-0.1082903513541588
485,20161118,2.6,-0.3720721762913924
486,20161121,2.81,-0.349920120376807
487,20161122,2.73,-0.3630430503533436
488,20161123,2.76,-0.4834038133804614
489,20161124,2.76,-0.4834038133804614
490,20161125,2.76,-0.4834038133804614
491,20161128,2.96,-0.3744037116949374
492,20161129,3.02,-0.2647015945269511
493,20161130,3.32,-0.2890005065844609
494,20161201,3.32,-0.2890005065844609
495,20161202,3.44,-0.3193593690028557
496,20161205,3.44,-0.3193593690028557
497,20161206,3.75,-0.1244381505709428
498,20161207,3.8,-0.0776107964607385
499,20161208,3.68,-0.5165355343085068
500,20161209,3.75,-0.1244381505709428
501,20161212,3.6,0.0290148739631359
502,20161213,3.65,-0.424456578034621
503,20161214,3.55,-0.4520333867806654
504,20161215,3.56,-0.4248552345312558
505,20161216,3.51,-0.2864421101716848
506,20161219,3.55,-0.4520333867806654
507,20161220,3.39,-0.0239570725422639
508,20161221,3.5,-0.3513646045556435
509,20161222,3.5,-0.3513646045556435
510,20161223,3.6,0.0290148739631359
511,20161226,3.6,0.0290148739631359
512,20161227,3.7,-0.4405704014576398
513,20161228,3.7,-0.4405704014576398
514,20161229,3.71,-0.6550532590884429
515,20161230,3.71,-0.6550532590884429
516,20170102,3.71,-0.6550532590884429
517,20170103,3.41,-0.5149732277943537
518,20170104,3.42,-0.3131642158214862
519,20170105,3.42,-0.3131642158214862
520,20170106,3.38,-0.6012795899923031
521,20170109,3.14,-0.2705983588328728
522,20170110,3.21,-0.4321380463930276
523,20170111,3.27,-0.4176868429550758
524,20170112,3.36,-0.5178846946129432
525,20170113,3.36,-0.5178846946129432
526,20170116,3.36,-0.5178846946129432
527,20170117,3.37,-0.2544980908815677
528,20170118,3.26,0.0539933809867272
529,20170119,3.25,-0.6799043875474197
530,20170120,3.23,-0.4273220323599301
531,20170123,3.16,-0.4754737902146119
532,20170124,3.16,-0.4754737902146119
533,20170125,3.26,0.0539933809867272
534,20170126,3.44,-0.3193593690028557
535,20170127,3.31,-0.3091424027314552
536,20170130,3.22,-0.5340765909506724
537,20170131,3.0,-0.3970408210387596
538,20170201,3.15,-0.3090599041718703
539,20170202,3.13,-0.2666517255397943
540,20170203,3.13,-0.2666517255397943
541,20170206,2.92,-0.3265901460097386
542,20170207,3.03,-0.1601358652114868
543,20170208,3.05,-0.1565010731036846
544,20170209,3.11,-0.3871936614696796
545,20170210,3.11,-0.3871936614696796
546,20170213,2.93,-0.3383551847476225
547,20170214,2.85,-0.5364674077584193
548,20170215,2.95,-0.4405647791348971
549,20170216,2.88,-0.0143830661590282
550,20170217,2.75,-0.193165870813223
551,20170220,2.75,-0.193165870813223
552,20170221,2.56,-0.5480467803203143
553,20170222,2.52,-0.4954529473414787
554,20170223,2.63,-0.4000471543807249
555,20170224,2.63,-0.4000471543807249
556,20170227,2.44,-0.5392339218121308
557,20170228,2.54,-0.3385685304036507
558,20170301,2.54,-0.3385685304036507
559,20170302,2.59,-0.4505395121299304
560,20170303,2.5,-0.2902010770944448
561,20170306,2.68,-0.5839033734339935
562,20170307,2.68,-0.5839033734339935
563,20170308,2.59,-0.4505395121299304
564,20170309,2.83,-0.1343161727373416
565,20170310,2.98,-0.3370252274549924
566,20170313,3.04,-0.2189698184912021
567,20170314,3.02,-0.2647015945269511
568,20170315,3.02,-0.2647015945269511
569,20170316,2.84,-0.4457995834258886
570,20170317,2.85,-0.5364674077584193
571,20170320,2.93,-0.3383551847476225
572,20170321,3.09,-0.3707514164539484
573,20170322,3.02,-0.2647015945269511
574,20170323,2.93,-0.3383551847476225
575,20170324,2.97,-0.2364736566176781
576,20170327,2.94,-0.3576646172083341
577,20170328,2.95,-0.4405647791348971
578,20170329,3.03,-0.1601358652114868
579,20170330,3.08,-0.0653569812958057
580,20170331,3.13,-0.2666517255397943
581,20170403,3.13,-0.2666517255397943
582,20170404,3.06,-0.0919837137827506
583,20170405,3.22,-0.5340765909506724
584,20170406,3.23,-0.4273220323599301
585,20170407,3.23,-0.4273220323599301
586,20170410,3.15,-0.3090599041718703
587,20170411,3.11,-0.3871936614696796
588,20170412,2.97,-0.2364736566176781
589,20170413,3.0,-0.3970408210387596
590,20170414,3.0,-0.3970408210387596
591,20170417,3.09,-0.3707514164539484
592,20170418,3.11,-0.3871936614696796
593,20170419,3.11,-0.3871936614696796
594,20170420,3.13,-0.2666517255397943
595,20170421,3.06,-0.0919837137827506
596,20170424,3.06,-0.0919837137827506
597,20170425,2.99,-0.1264555041606609
598,20170426,3.06,-0.0919837137827506
599,20170427,3.13,-0.2666517255397943
600,20170428,3.2,-0.2750492107409697
601,20170501,3.2,-0.2750492107409697
602,20170502,3.13,-0.2666517255397943
603,20170503,3.14,-0.2705983588328728
604,20170504,3.11,-0.3871936614696796
605,20170505,3.1,-0.2493066272952339
606,20170508,3.06,-0.0919837137827506
607,20170509,3.03,-0.1601358652114868
608,20170510,3.03,-0.1601358652114868
609,20170511,3.23,-0.4273220323599301
610,20170512,3.24,-0.1068661430707344
611,20170515,3.26,0.0539933809867272
612,20170516,3.27,-0.4176868429550758
613,20170517,3.27,-0.4176868429550758
614,20170518,3.13,-0.2666517255397943
615,20170519,3.11,-0.3871936614696796
616,20170522,3.24,-0.1068661430707344
617,20170523,3.22,-0.5340765909506724
618,20170524,3.22,-0.5340765909506724
619,20170525,3.1,-0.2493066272952339
620,20170526,3.1,-0.2493066272952339
621,20170529,3.1,-0.2493066272952339
622,20170530,3.1,-0.2493066272952339
623,20170531,3.05,-0.1565010731036846
624,20170601,3.05,-0.1565010731036846
625,20170602,2.85,-0.5364674077584193
626,20170605,2.92,-0.3265901460097386
627,20170606,2.92,-0.3265901460097386
628,20170607,3.06,-0.0919837137827506
629,20170608,2.98,-0.3370252274549924
630,20170609,3.03,-0.1601358652114868
631,20170612,3.12,-0.2342816086915823
632,20170613,3.12,-0.2342816086915823
633,20170614,2.95,-0.4405647791348971
634,20170615,2.94,-0.3576646172083341
635,20170616,3.01,-0.3157625393225596
636,20170619,2.87,-0.1796249208542016
637,20170620,2.91,-0.2954111867226087
638,20170621,2.91,-0.2954111867226087
639,20170622,2.88,-0.0143830661590282
640,20170623,2.89,-0.3986069560050964
641,20170626,2.98,-0.3370252274549924
642,20170627,2.99,-0.1264555041606609
643,20170628,3.03,-0.1601358652114868
644,20170629,3.07,-0.5831931451192269
645,20170630,2.98,-0.3370252274549924
646,20170703,2.98,-0.3370252274549924
647,20170704,2.98,-0.3370252274549924
648,20170705,2.98,-0.3370252274549924
649,20170706,2.89,-0.3986069560050964
650,20170707,2.91,-0.2954111867226087
651,20170710,2.92,-0.3265901460097386
652,20170711,2.98,-0.3370252274549924
653,20170712,3.01,-0.3157625393225596
654,20170713,2.96,-0.3744037116949374
655,20170714,2.94,-0.3576646172083341
656,20170717,3.04,-0.2189698184912021
657,20170718,3.11,-0.3871936614696796
658,20170719,3.11,-0.3871936614696796
659,20170720,3.12,-0.2342816086915823
660,20170721,3.06,-0.0919837137827506
661,20170724,2.99,-0.1264555041606609
662,20170725,2.99,-0.1264555041606609
663,20170726,2.92,-0.3265901460097386
664,20170727,2.95,-0.4405647791348971
665,20170728,2.96,-0.3744037116949374
666,20170731,2.87,-0.1796249208542016
667,20170801,2.8,-0.5047634129340832
668,20170802,2.8,-0.5047634129340832
669,20170803,2.76,-0.4834038133804614
670,20170804,2.76,-0.4834038133804614
671,20170807,2.8,-0.5047634129340832
672,20170808,2.81,-0.349920120376807
673,20170809,2.81,-0.349920120376807
674,20170810,2.89,-0.3986069560050964
675,20170811,2.96,-0.3744037116949374
676,20170814,3.02,-0.2647015945269511
677,20170815,2.96,-0.3744037116949374
678,20170816,2.94,-0.3576646172083341
679,20170817,2.91,-0.2954111867226087
680,20170818,2.9,-0.2879795787426141
681,20170821,3.0,-0.3970408210387596
682,20170822,3.0,-0.3970408210387596
683,20170823,2.94,-0.3576646172083341
684,20170824,2.97,-0.2364736566176781
685,20170825,2.93,-0.3383551847476225
686,20170828,2.95,-0.4405647791348971
687,20170829,2.95,-0.4405647791348971
688,20170830,2.95,-0.4405647791348971
689,20170831,2.92,-0.3265901460097386
690,20170901,2.88,-0.0143830661590282
691,20170904,2.88,-0.0143830661590282
692,20170905,2.88,-0.0143830661590282
693,20170906,2.98,-0.3370252274549924
694,20170907,2.92,-0.3265901460097386
695,20170908,2.88,-0.0143830661590282
696,20170911,2.88,-0.0143830661590282
697,20170912,2.88,-0.0143830661590282
698,20170913,3.02,-0.2647015945269511
699,20170914,3.03,-0.1601358652114868
700,20170915,3.0,-0.3970408210387596
701,20170918,3.11,-0.3871936614696796
702,20170919,3.18,-0.1303581939293788
703,20170920,3.13,-0.2666517255397943
704,20170921,3.11,-0.3871936614696796
705,20170922,2.93,-0.3383551847476225
706,20170925,2.96,-0.3744037116949374
707,20170926,2.96,-0.3744037116949374
708,20170927,2.98,-0.3370252274549924
709,20170928,2.96,-0.3744037116949374
710,20170929,2.94,-0.3576646172083341
711,20171002,2.94,-0.3576646172083341
712,20171003,2.73,-0.3630430503533436
713,20171004,2.8,-0.5047634129340832
714,20171005,2.8,-0.5047634129340832
715,20171006,2.93,-0.3383551847476225
716,20171009,2.87,-0.1796249208542016
717,20171010,2.89,-0.3986069560050964
718,20171011,2.89,-0.3986069560050964
719,20171012,2.95,-0.4405647791348971
720,20171013,2.99,-0.1264555041606609
721,20171016,2.87,-0.1796249208542016
722,20171017,2.88,-0.0143830661590282
723,20171018,2.81,-0.349920120376807
724,20171019,2.83,-0.1343161727373416
725,20171020,2.8,-0.5047634129340832
726,20171023,2.95,-0.4405647791348971
727,20171024,2.95,-0.4405647791348971
728,20171025,2.98,-0.3370252274549924
729,20171026,2.91,-0.2954111867226087
730,20171027,2.78,-0.3650257117473162
731,20171030,2.94,-0.3576646172083341
732,20171031,2.84,-0.4457995834258886
733,20171101,2.68,-0.5839033734339935
734,20171102,2.68,-0.5839033734339935
735,20171103,2.75,-0.193165870813223
736,20171106,3.01,-0.3157625393225596
737,20171107,3.07,-0.5831931451192269
738,20171108,3.16,-0.4754737902146119
739,20171109,3.18,-0.1303581939293788
740,20171110,3.17,-0.2368615900094692
741,20171113,3.13,-0.2666517255397943
742,20171114,3.06,-0.0919837137827506
743,20171115,3.16,-0.4754737902146119
744,20171116,3.09,-0.3707514164539484
745,20171117,3.04,-0.2189698184912021
746,20171120,3.04,-0.2189698184912021
747,20171121,3.05,-0.1565010731036846
748,20171122,3.05,-0.1565010731036846
749,20171123,3.05,-0.1565010731036846
750,20171124,3.05,-0.1565010731036846
751,20171127,2.88,-0.0143830661590282
752,20171128,2.88,-0.0143830661590282
753,20171129,3.06,-0.0919837137827506
754,20171130,3.06,-0.0919837137827506
755,20171201,2.84,-0.4457995834258886
756,20171204,2.91,-0.2954111867226087
757,20171205,2.86,-0.5241784258530691
758,20171206,2.86,-0.5241784258530691
759,20171207,2.81,-0.349920120376807
760,20171208,2.78,-0.3650257117473162
761,20171211,2.81,-0.349920120376807
762,20171212,2.87,-0.1796249208542016
763,20171213,2.87,-0.1796249208542016
764,20171214,2.69,-0.121839091181755
765,20171215,2.6,-0.3720721762913924
766,20171218,2.71,-0.2968936402064103
767,20171219,2.75,-0.193165870813223
768,20171220,2.72,-0.1242770013900903
769,20171221,2.64,-0.3366617824022586
770,20171222,2.63,-0.4000471543807249
771,20171226,2.68,-0.5839033734339935
772,20171227,2.76,-0.4834038133804614
773,20171228,2.97,-0.2364736566176781
774,20171229,3.69,-0.140096264389845
775,20180102,6.24,0.1175022469117091
776,20180103,6.24,0.1175022469117091
777,20180104,4.65,-0.3822716967417643
778,20180108,2.89,-0.3986069560050964
779,20180109,2.93,-0.3383551847476225
780,20180110,3.16,-0.4754737902146119
781,20180111,3.16,-0.4754737902146119
782,20180112,4.06,-0.309102319754087
783,20180116,5.46,-0.3610690293403772
784,20180117,3.92,-0.2310003878978582
785,20180118,3.92,-0.2310003878978582
786,20180119,3.2,-0.2750492107409697
787,20180122,3.13,-0.2666517255397943
788,20180123,3.35,-0.3942663703973477
789,20180124,3.54,-0.0652036403234188
790,20180125,3.54,-0.0652036403234188
791,20180126,3.58,-0.1639793641292131
792,20180129,3.6,0.0290148739631359
793,20180130,3.6,0.0290148739631359
794,20180131,3.34,-0.4229451360610815
795,20180201,3.06,-0.0919837137827506
796,20180202,2.91,-0.2954111867226087
797,20180205,2.85,-0.5364674077584193
798,20180206,2.75,-0.193165870813223
799,20180207,2.74,-0.2897709275667484
800,20180208,2.74,-0.2897709275667484
801,20180209,2.66,-0.5578327373816416
802,20180212,2.6,-0.3720721762913924
803,20180213,2.58,-0.3207287341356277
804,20180214,2.53,-0.4629014226106497
805,20180215,2.49,-0.6586652019849191
806,20180216,2.49,-0.6586652019849191
807,20180220,2.61,0.0489645955654291
808,20180221,2.65,-0.8192868037865713
809,20180222,2.65,-0.8192868037865713
810,20180223,2.58,-0.3207287341356277
811,20180226,2.6,-0.3720721762913924
812,20180227,2.59,-0.4505395121299304
813,20180228,2.66,-0.5578327373816416
814,20180301,2.67,-0.7690418305305334
815,20180302,2.67,-0.7690418305305334
816,20180305,2.7,-0.4448337979041613
817,20180306,2.7,-0.4448337979041613
818,20180307,2.8,-0.5047634129340832
819,20180308,2.8,-0.5047634129340832
820,20180309,2.71,-0.2968936402064103
821,20180312,2.78,-0.3650257117473162
822,20180313,2.76,-0.4834038133804614
823,20180314,2.69,-0.121839091181755
824,20180315,2.7,-0.4448337979041613
825,20180316,2.62,-0.473056741631948
826,20180319,2.62,-0.473056741631948
827,20180320,2.71,-0.2968936402064103
828,20180321,2.74,-0.2897709275667484
829,20180322,2.62,-0.473056741631948
830,20180323,2.58,-0.3207287341356277
831,20180326,2.63,-0.4000471543807249
832,20180327,2.6,-0.3720721762913924
833,20180328,2.64,-0.3366617824022586
834,20180329,2.81,-0.349920120376807
835,20180402,2.75,-0.193165870813223
836,20180403,2.75,-0.193165870813223
837,20180404,2.81,-0.349920120376807
838,20180405,2.81,-0.349920120376807
839,20180406,2.81,-0.349920120376807
840,20180409,2.78,-0.3650257117473162
841,20180410,2.78,-0.3650257117473162
842,20180411,2.74,-0.2897709275667484
843,20180412,2.76,-0.4834038133804614
844,20180413,2.82,-0.1226444232922333
845,20180416,2.88,-0.0143830661590282
846,20180417,2.84,-0.4457995834258886
847,20180418,2.85,-0.5364674077584193
848,20180419,2.8,-0.5047634129340832
849,20180420,2.78,-0.3650257117473162
850,20180423,2.78,-0.3650257117473162
851,20180424,2.79,-0.3217151554731222
852,20180425,2.81,-0.349920120376807
853,20180426,2.81,-0.349920120376807
854,20180427,2.82,-0.1226444232922333
855,20180430,2.75,-0.193165870813223
856,20180501,2.75,-0.193165870813223
857,20180502,2.77,-0.2954274920316843
858,20180503,2.75,-0.193165870813223
859,20180504,2.75,-0.193165870813223
860,20180507,2.74,-0.2897709275667484
861,20180508,2.77,-0.2954274920316843
862,20180509,2.75,-0.193165870813223
863,20180510,2.78,-0.3650257117473162
864,20180511,2.75,-0.193165870813223
865,20180514,2.84,-0.4457995834258886
866,20180515,2.83,-0.1343161727373416
867,20180516,2.85,-0.5364674077584193
868,20180517,2.75,-0.193165870813223
869,20180518,2.75,-0.193165870813223
870,20180521,2.77,-0.2954274920316843
871,20180522,2.76,-0.4834038133804614
872,20180523,2.89,-0.3986069560050964
873,20180524,2.88,-0.0143830661590282
874,20180525,2.88,-0.0143830661590282
875,20180529,2.84,-0.4457995834258886
876,20180530,2.83,-0.1343161727373416
877,20180531,2.94,-0.3576646172083341
878,20180601,2.91,-0.2954111867226087
879,20180604,2.89,-0.3986069560050964
880,20180605,2.89,-0.3986069560050964
881,20180606,2.89,-0.3986069560050964
882,20180607,3.02,-0.2647015945269511
883,20180608,2.91,-0.2954111867226087
884,20180611,3.0,-0.3970408210387596
885,20180612,2.98,-0.3370252274549924
886,20180613,2.98,-0.3370252274549924
887,20180614,2.99,-0.1264555041606609
888,20180615,3.02,-0.2647015945269511
889,20180618,2.99,-0.1264555041606609
890,20180619,2.95,-0.4405647791348971
891,20180620,2.96,-0.3744037116949374
892,20180621,3.08,-0.0653569812958057
893,20180622,2.95,-0.4405647791348971
894,20180625,2.96,-0.3744037116949374
895,20180626,2.98,-0.3370252274549924
896,20180627,3.01,-0.3157625393225596
897,20180628,2.99,-0.1264555041606609
898,20180629,2.96,-0.3744037116949374
899,20180702,2.9,-0.2879795787426141
900,20180703,2.9,-0.2879795787426141
901,20180705,2.91,-0.2954111867226087
902,20180706,2.91,-0.2954111867226087
903,20180709,2.9,-0.2879795787426141
904,20180710,2.9,-0.2879795787426141
905,20180711,2.89,-0.3986069560050964
906,20180712,2.89,-0.3986069560050964
907,20180713,2.86,-0.5241784258530691
908,20180716,2.76,-0.4834038133804614
909,20180717,2.81,-0.349920120376807
910,20180718,2.8,-0.5047634129340832
911,20180719,2.75,-0.193165870813223
912,20180720,2.79,-0.3217151554731222
913,20180723,2.79,-0.3217151554731222
914,20180724,2.73,-0.3630430503533436
915,20180725,2.82,-0.1226444232922333
916,20180726,2.82,-0.1226444232922333
917,20180727,2.78,-0.3650257117473162
918,20180730,2.75,-0.193165870813223
919,20180731,2.82,-0.1226444232922333
920,20180801,2.8,-0.5047634129340832
921,20180802,2.77,-0.2954274920316843
922,20180803,2.86,-0.5241784258530691
923,20180806,2.85,-0.5364674077584193
924,20180807,2.95,-0.4405647791348971
925,20180808,2.99,-0.1264555041606609
926,20180809,3.02,-0.2647015945269511
927,20180810,2.96,-0.3744037116949374
928,20180813,2.92,-0.3265901460097386
929,20180814,3.02,-0.2647015945269511
930,20180815,3.02,-0.2647015945269511
931,20180816,3.02,-0.2647015945269511
932,20180817,3.01,-0.3157625393225596
933,20180820,3.04,-0.2189698184912021
934,20180821,3.01,-0.3157625393225596
935,20180822,3.02,-0.2647015945269511
936,20180823,3.01,-0.3157625393225596
937,20180824,2.99,-0.1264555041606609
938,20180827,2.98,-0.3370252274549924
939,20180828,2.98,-0.3370252274549924
940,20180829,2.96,-0.3744037116949374
941,20180830,2.96,-0.3744037116949374
942,20180831,2.98,-0.3370252274549924
943,20180904,2.96,-0.3744037116949374
944,20180905,3.0,-0.3970408210387596
945,20180906,2.93,-0.3383551847476225
946,20180907,2.88,-0.0143830661590282
947,20180910,2.9,-0.2879795787426141
948,20180911,2.94,-0.3576646172083341
949,20180912,2.98,-0.3370252274549924
950,20180913,2.94,-0.3576646172083341
951,20180914,2.91,-0.2954111867226087
952,20180917,2.95,-0.4405647791348971
953,20180918,3.0,-0.3970408210387596
954,20180919,3.11,-0.3871936614696796
955,20180920,3.07,-0.5831931451192269
956,20180921,3.02,-0.2647015945269511
957,20180924,3.04,-0.2189698184912021
958,20180925,3.12,-0.2342816086915823
959,20180926,3.1,-0.2493066272952339
960,20180927,3.05,-0.1565010731036846
961,20180928,3.01,-0.3157625393225596
962,20181001,3.13,-0.2666517255397943
963,20181002,3.14,-0.2705983588328728
964,20181003,3.26,0.0539933809867272
965,20181004,3.39,-0.0239570725422639
966,20181005,3.25,-0.6799043875474197
967,20181008,3.28,-0.1209775725236305
968,20181009,3.4,-0.3481480593864734
969,20181010,3.45,-0.061495419878226
970,20181011,3.16,-0.4754737902146119
971,20181012,3.19,-0.1352771818637848
972,20181015,3.26,0.0539933809867272
973,20181016,3.27,-0.4176868429550758
974,20181017,3.3,-0.2075066050657859
975,20181018,3.28,-0.1209775725236305
976,20181019,3.2,-0.2750492107409697
977,20181022,3.2,-0.2750492107409697
978,20181023,3.28,-0.1209775725236305
979,20181024,3.42,-0.3131642158214862
980,20181025,3.42,-0.3131642158214862
981,20181026,3.27,-0.4176868429550758
982,20181029,3.2,-0.2750492107409697
983,20181030,3.27,-0.4176868429550758
984,20181031,3.31,-0.3091424027314552
985,20181101,3.36,-0.5178846946129432
986,20181102,3.26,0.0539933809867272
987,20181105,3.53,-0.4084300284202282
988,20181106,3.53,-0.4084300284202282
989,20181107,3.54,-0.0652036403234188
990,20181108,3.54,-0.0652036403234188
991,20181109,3.74,-0.1858206356947238
992,20181112,3.96,-0.3098924492414181
993,20181113,4.1,-0.3823682344876803
994,20181114,4.1,-0.3823682344876803
995,20181115,4.69,-0.2729494067338797
996,20181116,4.3,-0.5435543942909974
997,20181119,4.65,-0.3822716967417643
998,20181120,4.65,-0.3822716967417643
999,20181121,4.7,-0.3795679635726489
1000,20181126,4.28,-0.2771178896610553
1001,20181127,4.28,-0.2771178896610553
1002,20181128,4.5,-0.2300673608596508
1003,20181129,4.5,-0.2300673608596508
1004,20181130,4.61,-0.3243423734719937
1005,20181203,4.4,-0.460674544939628
1006,20181204,4.4,-0.460674544939628
1007,20181205,4.69,-0.2729494067338797
1008,20181206,4.44,-0.2444130400052437
1009,20181207,4.51,-0.1984573614138823
1010,20181210,4.54,-0.2682228031066748
1011,20181211,4.53,-0.1316733360290527
1012,20181212,4.53,-0.1316733360290527
1013,20181213,4.31,-0.3424468246790079
1014,20181214,3.99,-0.1537894847301336
1015,20181217,3.8,-0.0776107964607385
1016,20181218,3.8,-0.0776107964607385
1017,20181219,3.64,0.0310128170710343
1018,20181220,3.7,-0.4405704014576398
1019,20181221,3.7,-0.4405704014576398
1020,20181226,3.42,-0.3131642158214862
1021,20181227,3.1,-0.2493066272952339
1022,20181228,3.25,-0.6799043875474197
1023,20190102,3.25,-0.6799043875474197
1024,20190103,2.72,-0.1242770013900903
1025,20190104,2.8,-0.5047634129340832
1026,20190107,2.74,-0.2897709275667484
1027,20190108,2.89,-0.3986069560050964
1028,20190109,2.92,-0.3265901460097386
1029,20190110,2.95,-0.4405647791348971
1030,20190111,2.95,-0.4405647791348971
1031,20190114,3.36,-0.5178846946129432
1032,20190115,3.54,-0.0652036403234188
1033,20190116,3.58,-0.1639793641292131
1034,20190117,3.58,-0.1639793641292131
1035,20190118,3.43,-0.3423888432979584
1036,20190121,3.43,-0.3423888432979584
1037,20190122,3.43,-0.3423888432979584
1038,20190123,3.13,-0.2666517255397943
1039,20190124,3.13,-0.2666517255397943
1040,20190125,3.07,-0.5831931451192269
1041,20190128,3.05,-0.1565010731036846
1042,20190129,2.94,-0.3576646172083341
1043,20190130,3.0,-0.3970408210387596
1044,20190131,2.82,-0.1226444232922333
1045,20190201,2.7,-0.4448337979041613
1046,20190204,2.57,-0.4890455901622772
1047,20190205,2.54,-0.3385685304036507
1048,20190206,2.58,-0.3207287341356277
1049,20190207,2.62,-0.473056741631948
1050,20190208,2.66,-0.5578327373816416
1051,20190211,2.76,-0.4834038133804614
1052,20190212,2.71,-0.2968936402064103
1053,20190213,2.61,0.0489645955654291
1054,20190214,2.61,0.0489645955654291
1055,20190215,2.59,-0.4505395121299304
1056,20190218,2.59,-0.4505395121299304
1057,20190219,2.69,-0.121839091181755
1058,20190220,2.69,-0.121839091181755
1059,20190221,2.73,-0.3630430503533436
1060,20190222,2.74,-0.2897709275667484
1061,20190225,2.84,-0.4457995834258886
1062,20190226,2.74,-0.2897709275667484
1063,20190227,2.89,-0.3986069560050964
1064,20190228,2.89,-0.3986069560050964
1065,20190301,3.19,-0.1352771818637848
1066,20190304,4.25,-0.2597338087283648
1067,20190305,3.18,-0.1303581939293788
1068,20190306,3.18,-0.1303581939293788
1069,20190307,2.9,-0.2879795787426141
1070,20190308,2.9,-0.2879795787426141
1071,20190311,2.86,-0.5241784258530691
1072,20190312,2.83,-0.1343161727373416
1073,20190313,2.87,-0.1796249208542016
1074,20190314,2.95,-0.4405647791348971
1075,20190315,2.95,-0.4405647791348971
1076,20190318,2.9,-0.2879795787426141
1077,20190319,2.92,-0.3265901460097386
1078,20190320,2.86,-0.5241784258530691
1079,20190321,2.86,-0.5241784258530691
1080,20190322,2.75,-0.193165870813223
1081,20190325,2.72,-0.1242770013900903
1082,20190326,2.74,-0.2897709275667484
1083,20190327,2.69,-0.121839091181755
1084,20190328,2.69,-0.121839091181755
1085,20190329,2.73,-0.3630430503533436
1086,20190401,2.73,-0.3630430503533436
1087,20190402,2.76,-0.4834038133804614
1088,20190403,2.74,-0.2897709275667484
1089,20190404,2.66,-0.5578327373816416
1090,20190405,2.62,-0.473056741631948
1091,20190408,2.72,-0.1242770013900903
1092,20190409,2.71,-0.2968936402064103
1093,20190410,2.72,-0.1242770013900903
1094,20190411,2.72,-0.1242770013900903
1095,20190412,2.75,-0.193165870813223
1096,20190415,2.75,-0.193165870813223
1097,20190416,2.66,-0.5578327373816416
1098,20190417,2.55,-0.7996637190763767
1099,20190418,2.54,-0.3385685304036507
1100,20190422,2.61,0.0489645955654291
1101,20190423,2.53,-0.4629014226106497
1102,20190424,2.53,-0.4629014226106497
1103,20190425,2.54,-0.3385685304036507
1104,20190426,2.58,-0.3207287341356277
1105,20190429,2.58,-0.3207287341356277
1106,20190430,2.59,-0.4505395121299304
1107,20190501,2.59,-0.4505395121299304
1108,20190502,2.63,-0.4000471543807249
1109,20190503,2.59,-0.4505395121299304
1110,20190506,2.54,-0.3385685304036507
1111,20190507,2.54,-0.3385685304036507
1112,20190508,2.64,-0.3366617824022586
1113,20190509,2.62,-0.473056741631948
1114,20190510,2.64,-0.3366617824022586
1115,20190513,2.71,-0.2968936402064103
1116,20190514,2.7,-0.4448337979041613
1117,20190515,2.69,-0.121839091181755
1118,20190516,2.62,-0.473056741631948
1119,20190517,2.61,0.0489645955654291
1120,20190520,2.7,-0.4448337979041613
1121,20190521,2.73,-0.3630430503533436
1122,20190522,2.73,-0.3630430503533436
1123,20190523,2.56,-0.5480467803203143
1124,20190524,2.6,-0.3720721762913924
1125,20190527,2.6,-0.3720721762913924
1126,20190528,2.65,-0.8192868037865713
1127,20190529,2.69,-0.121839091181755
1128,20190530,2.69,-0.121839091181755
1129,20190531,2.59,-0.4505395121299304
1130,20190603,2.5,-0.2902010770944448
1131,20190604,2.45,-0.6666361276920025
1132,20190605,2.45,-0.6666361276920025
1133,20190606,2.4,-0.4155985690080203
1134,20190607,2.43,-0.3093797266483307
1135,20190610,2.42,-0.31956703043901
1136,20190611,2.41,-0.3148190723015712
1137,20190612,2.43,-0.3093797266483307
1138,20190613,2.43,-0.3093797266483307
1139,20190614,2.37,-0.1082903513541588
1140,20190617,2.46,-0.5037054717540741
1141,20190618,2.44,-0.5392339218121308
1142,20190619,2.43,-0.3093797266483307
1143,20190620,2.38,-0.201710609289316
1144,20190621,2.27,-0.3010629438436948
1145,20190624,2.31,-0.0747935416606756
1146,20190625,2.31,-0.0747935416606756
1147,20190626,2.34,-0.5443048236461786
1148,20190627,2.32,-0.0079265271241848
1149,20190628,2.42,-0.31956703043901
1150,20190701,2.33,-0.0339278395359332
1151,20190702,2.3,0.0147155844248258
1152,20190703,2.29,-0.3019864226763065
1153,20190708,2.39,-0.2550940765784337
1154,20190709,2.41,-0.3148190723015712
1155,20190710,2.49,-0.6586652019849191
1156,20190711,2.54,-0.3385685304036507
1157,20190712,2.54,-0.3385685304036507
1158,20190715,2.53,-0.4629014226106497
1159,20190716,2.53,-0.4629014226106497
1160,20190717,2.44,-0.5392339218121308
1161,20190718,2.38,-0.201710609289316
1162,20190719,2.3,0.0147155844248258
1163,20190722,2.33,-0.0339278395359332
1164,20190723,2.34,-0.5443048236461786
1165,20190724,2.33,-0.0339278395359332
1166,20190725,2.26,0.1009048716380046
1167,20190726,2.23,-0.4056013616231771
1168,20190729,2.23,-0.4056013616231771
1169,20190730,2.22,-0.4227605015039444
1170,20190731,2.28,-0.1027810046306023
1171,20190801,2.36,-0.4845222188876225
1172,20190802,2.12,-0.56257914350583
1173,20190805,2.02,-0.503908634185791
1174,20190806,2.15,-0.1082948962083229
1175,20190807,2.18,-0.1289785916988666
1176,20190808,2.13,-0.3094404282478186
1177,20190809,2.09,-0.5622469863066306
1178,20190812,2.21,-0.0938495936302038
1179,20190813,2.24,-0.3090970264031337
1180,20190814,2.22,-0.4227605015039444
1181,20190815,2.19,-0.178623637327781
1182,20190816,2.2,-0.1106960739080722
1183,20190819,2.26,0.1009048716380046
1184,20190820,2.35,0.1034557120158122
1185,20190821,2.31,-0.0747935416606756
1186,20190822,2.28,-0.1027810046306023
1187,20190823,2.15,-0.1082948962083229
1188,20190826,2.23,-0.4056013616231771
1189,20190827,2.24,-0.3090970264031337
1190,20190828,2.24,-0.3090970264031337
1191,20190829,2.36,-0.4845222188876225
1192,20190830,2.33,-0.0339278395359332
1193,20190902,2.33,-0.0339278395359332
1194,20190903,2.39,-0.2550940765784337
1195,20190904,2.48,-0.2802478820085525
1196,20190905,2.49,-0.6586652019849191
1197,20190906,2.49,-0.6586652019849191
1198,20190909,2.65,-0.8192868037865713
1199,20190910,2.67,-0.7690418305305334
1200,20190911,2.63,-0.4000471543807249
1201,20190912,2.62,-0.473056741631948
1202,20190913,2.61,0.0489645955654291
1203,20190916,2.75,-0.193165870813223
1204,20190917,2.7,-0.4448337979041613
1205,20190918,2.72,-0.1242770013900903
1206,20190919,2.65,-0.8192868037865713
1207,20190920,2.34,-0.5443048236461786
1208,20190923,2.55,-0.7996637190763767
1209,20190924,2.55,-0.7996637190763767
1210,20190925,2.54,-0.3385685304036507
1211,20190926,2.57,-0.4890455901622772
1212,20190927,2.41,-0.3148190723015712
1213,20190930,2.37,-0.1082903513541588
1214,20191001,2.36,-0.4845222188876225
1215,20191002,2.36,-0.4845222188876225
1216,20191003,2.31,-0.0747935416606756
1217,20191004,2.25,-0.476942812020962
1218,20191007,2.36,-0.4845222188876225
1219,20191008,2.29,-0.3019864226763065
1220,20191009,2.26,0.1009048716380046
1221,20191010,2.26,0.1009048716380046
1222,20191011,2.13,-0.3094404282478186
1223,20191014,2.13,-0.3094404282478186
1224,20191015,2.29,-0.3019864226763065
1225,20191016,2.44,-0.5392339218121308
1226,20191017,2.29,-0.3019864226763065
1227,20191018,2.08,-0.0982790486170695
1228,20191021,2.13,-0.3094404282478186
1229,20191022,2.21,-0.0938495936302038
1230,20191023,2.34,-0.5443048236461786
1231,20191024,2.33,-0.0339278395359332
1232,20191025,2.26,0.1009048716380046
1233,20191028,2.49,-0.6586652019849191
1234,20191029,2.61,0.0489645955654291
1235,20191030,2.71,-0.2968936402064103
1236,20191031,2.73,-0.3630430503533436
1237,20191101,2.54,-0.3385685304036507
1238,20191104,2.77,-0.2954274920316843
1239,20191105,2.77,-0.2954274920316843
1240,20191106,2.82,-0.1226444232922333
1241,20191107,2.84,-0.4457995834258886
1242,20191108,2.87,-0.1796249208542016
1243,20191111,2.87,-0.1796249208542016
1244,20191112,2.72,-0.1242770013900903
1245,20191113,2.66,-0.5578327373816416
1246,20191114,2.68,-0.5839033734339935
1247,20191115,2.7,-0.4448337979041613
1248,20191118,2.64,-0.3366617824022586
1249,20191119,2.53,-0.4629014226106497
1250,20191120,2.56,-0.5480467803203143
1251,20191121,2.53,-0.4629014226106497
1252,20191122,2.62,-0.473056741631948
1253,20191125,2.51,-0.5410134975726788
1254,20191126,2.51,-0.5410134975726788
1255,20191127,2.46,-0.5037054717540741
1256,20191129,2.46,-0.5037054717540741
1257,20191202,2.29,-0.3019864226763065
1258,20191203,2.42,-0.31956703043901
1259,20191204,2.43,-0.3093797266483307
1260,20191205,2.42,-0.31956703043901
1261,20191206,2.31,-0.0747935416606756
1262,20191209,2.17,-0.4234598806271186
1263,20191210,2.18,-0.1289785916988666
1264,20191211,2.28,-0.1027810046306023
1265,20191212,2.28,-0.1027810046306023
1266,20191213,2.28,-0.1027810046306023
1267,20191216,2.34,-0.5443048236461786
1268,20191217,2.3,0.0147155844248258
1269,20191218,2.26,0.1009048716380046
1270,20191219,2.21,-0.0938495936302038
1271,20191220,2.27,-0.3010629438436948
1272,20191223,2.17,-0.4234598806271186
1273,20191224,2.11,-0.4634904242478884
1274,20191225,2.11,-0.4634904242478884
1275,20191226,2.09,-0.5622469863066306
1276,20191227,1.75,-0.0432573006703303
1277,20191230,2.06,-0.1576096449907009
1278,20191231,2.09,-0.5622469863066306
1279,20200101,2.09,-0.5622469863066306
1280,20200102,2.05,-0.3505083081813959
1281,20200103,2.06,-0.1576096449907009
1282,20200106,2.1,-0.4137783371485196
1283,20200107,2.17,-0.4234598806271186
1284,20200108,2.09,-0.5622469863066306
1285,20200109,2.05,-0.3505083081813959
1286,20200110,2.05,-0.3505083081813959
1287,20200113,2.03,0.0803272414665955
1288,20200114,2.15,-0.1082948962083229
1289,20200115,2.01,-0.5603847182714022
1290,20200116,2.06,-0.1576096449907009
1291,20200117,2.07,-0.4442219894665938
1292,20200121,1.98,0.0999650932275331
1293,20200122,1.89,-0.0851708123317131
1294,20200123,1.95,0.0833485034795907
1295,20200124,1.91,-0.0978662142386803
1296,20200127,2.03,0.0803272414665955
1297,20200128,1.96,-0.2369510749211678
1298,20200129,1.93,-0.1677119261943377
1299,20200130,1.94,-0.0440250084950373
1300,20200131,1.91,-0.0978662142386803
1301,20200203,1.9,-0.2422726796223567
1302,20200204,1.89,-0.0851708123317131
1303,20200205,1.89,-0.0851708123317131
1304,20200206,1.86,-0.3120308105762188
1305,20200207,1.93,-0.1677119261943377
1306,20200210,1.85,0.1346651705411764
1307,20200211,1.85,0.1346651705411764
1308,20200212,1.91,-0.0978662142386803
1309,20200213,1.95,0.0833485034795907
1310,20200214,1.93,-0.1677119261943377
1311,20200217,1.93,-0.1677119261943377
1312,20200218,2.04,-0.104177081814179
1313,20200219,2.01,-0.5603847182714022
1314,20200220,1.98,0.0999650932275331
1315,20200221,1.96,-0.2369510749211678
1316,20200224,1.94,-0.0440250084950373
1317,20200225,1.93,-0.1677119261943377
1318,20200226,1.96,-0.2369510749211678
1319,20200227,1.78,-0.1517024063147031
1320,20200228,1.79,-0.2661432337302428
1321,20200301,1.79,-0.2661432337302428
1322,20200302,1.75,-0.0432573006703303
1323,20200303,1.78,-0.1517024063147031
1324,20200304,1.83,-0.1309735946930371
1325,20200305,1.89,-0.0851708123317131
1326,20200306,1.76,-0.0351348542250119
1327,20200308,1.76,-0.0351348542250119
1328,20200309,1.74,-0.2813182988992104
1329,20200310,1.91,-0.0978662142386803
1330,20200311,1.96,-0.2369510749211678
1331,20200312,1.82,-0.1941454376165683
1332,20200313,1.94,-0.0440250084950373
1333,20200315,1.94,-0.0440250084950373
1334,20200316,1.89,-0.0851708123317131
1335,20200317,1.89,-0.0851708123317131
1336,20200318,1.73,-0.0405792101071431
1337,20200319,1.68,-0.2215823485301091
1338,20200320,1.76,-0.0351348542250119
1339,20200322,1.76,-0.0351348542250119
1340,20200323,1.7,0.0221981543761033
1341,20200325,1.8,0.693440454510542
1342,20200326,1.73,-0.0405792101071431
1343,20200327,1.7,0.0221981543761033
1344,20200329,1.7,0.0221981543761033
1345,20200330,1.65,-0.2811801032378123
1346,20200331,1.71,0.0305149142558758
1347,20200401,1.69,-0.1629260675265239
1348,20200402,1.55,-0.1263177291705058
1349,20200403,1.5,-0.3921878280547949
1350,20200406,1.64,-0.0084019681582084
1351,20200407,1.83,-0.1309735946930371
1352,20200408,1.86,-0.3120308105762188
1353,20200409,1.74,-0.2813182988992104
1354,20200410,1.74,-0.2813182988992104
1355,20200413,1.86,-0.3120308105762188
1356,20200414,1.76,-0.0351348542250119
1357,20200415,1.68,-0.2215823485301091
1358,20200416,1.59,0.3909410903087029
1359,20200417,1.71,0.0305149142558758
1360,20200420,1.78,-0.1517024063147031
1361,20200421,1.92,0.0822847714790931
1362,20200422,1.9,-0.2422726796223567
1363,20200423,1.86,-0.3120308105762188
1364,20200424,1.81,-0.0627131920594435
1365,20200427,1.68,-0.2215823485301091
1366,20200428,1.8,0.693440454510542
1367,20200429,1.73,-0.0405792101071431
1368,20200430,1.63,-0.2301873140610181
1369,20200501,1.69,-0.1629260675265239
1370,20200504,1.78,-0.1517024063147031
1371,20200505,1.93,-0.1677119261943377
1372,20200506,1.9,-0.2422726796223567
1373,20200507,1.84,-0.2284206759471159
1374,20200508,1.74,-0.2813182988992104
1375,20200511,1.7,0.0221981543761033
1376,20200512,1.61,-0.1967233511117788
1377,20200513,1.56,-0.0727600994018407
1378,20200514,1.6,-0.2302375573378343
1379,20200515,1.66,-0.2605843486694189
1380,20200518,1.77,-0.0350501927045675
1381,20200519,1.85,0.1346651705411764
1382,20200520,1.83,-0.1309735946930371
1383,20200521,1.75,-0.0432573006703303
1384,20200522,1.7,0.0221981543761033
1385,20200526,1.79,-0.2661432337302428
1386,20200527,1.78,-0.1517024063147031
1387,20200528,1.79,-0.2661432337302428
1388,20200529,1.7,0.0221981543761033
1389,20200601,1.59,0.3909410903087029
1390,20200602,1.58,-0.2674518743386635
1391,20200603,1.84,-0.2284206759471159
1392,20200604,1.68,-0.2215823485301091
1393,20200605,1.8,0.693440454510542
1394,20200608,1.68,-0.2215823485301091
1395,20200609,1.68,-0.2215823485301091
1396,20200610,1.72,-0.3611882157050646
1397,20200611,1.77,-0.0350501927045675
1398,20200612,1.67,-0.2645913121791986
1399,20200615,1.64,-0.0084019681582084
1400,20200616,1.43,-0.175375678218328
1401,20200617,1.55,-0.1263177291705058
1402,20200618,1.51,-0.1896660774946212
1403,20200619,1.49,-0.2883221942644853
1404,20200622,1.64,-0.0084019681582084
1405,20200623,1.61,-0.1967233511117788
1406,20200624,1.64,-0.0084019681582084
1407,20200625,1.53,-0.4632133050606801
1408,20200626,1.42,-0.0748040767816396
1409,20200629,1.67,-0.2645913121791986
1410,20200630,1.76,-0.0351348542250119
1411,20200701,1.69,-0.1629260675265239
1412,20200703,0.0,-0.3699223502324177
1413,20200706,1.71,0.0305149142558758
1414,20200707,1.76,-0.0351348542250119
1415,20200708,1.78,-0.1517024063147031
1416,20200709,1.88,0.14717698097229
1417,20200710,1.79,-0.2661432337302428
1418,20200713,1.75,-0.0432573006703303
1419,20200714,1.74,-0.2813182988992104
1420,20200715,1.76,-0.0351348542250119
1421,20200716,1.79,-0.2661432337302428
1422,20200717,1.79,-0.2661432337302428
1423,20200720,1.71,0.0305149142558758
1424,20200721,1.66,-0.2605843486694189
1425,20200722,1.69,-0.1629260675265239
1426,20200723,1.75,-0.0432573006703303
1427,20200724,1.77,-0.0350501927045675
1428,20200727,1.85,0.1346651705411764
1429,20200728,1.83,-0.1309735946930371
1430,20200729,1.77,-0.0350501927045675
1431,20200730,1.81,-0.0627131920594435
1432,20200731,1.83,-0.1309735946930371
1433,20200803,1.95,0.0833485034795907
1434,20200804,2.07,-0.4442219894665938
1435,20200805,2.23,-0.4056013616231771
1436,20200806,2.26,0.1009048716380046
1437,20200807,2.15,-0.1082948962083229
1438,20200810,2.18,-0.1289785916988666
1439,20200811,2.19,-0.178623637327781
1440,20200812,2.05,-0.3505083081813959
1441,20200813,2.19,-0.178623637327781
1442,20200814,2.23,-0.4056013616231771
1443,20200817,2.32,-0.0079265271241848
1444,20200818,2.45,-0.6666361276920025
1445,20200819,2.43,-0.3093797266483307
1446,20200820,2.35,0.1034557120158122
1447,20200821,2.39,-0.2550940765784337
1448,20200824,2.57,-0.4890455901622772
1449,20200825,2.54,-0.3385685304036507
1450,20200826,2.52,-0.4954529473414787
1451,20200827,2.52,-0.4954529473414787
1452,20200828,2.46,-0.5037054717540741
1453,20200831,2.3,0.0147155844248258
1454,20200901,2.22,-0.4227605015039444
1455,20200902,2.15,-0.1082948962083229
1456,20200903,2.32,-0.0079265271241848
1457,20200904,1.8,0.693440454510542
1458,20200908,2.35,0.1034557120158122
1459,20200909,2.21,-0.0938495936302038
1460,20200910,2.13,-0.3094404282478186
1461,20200911,1.93,-0.1677119261943377
1462,20200914,2.18,-0.1289785916988666
1463,20200915,2.19,-0.178623637327781
1464,20200916,2.06,-0.1576096449907009
1465,20200917,1.65,-0.2811801032378123
1466,20200918,1.56,-0.0727600994018407
1467,20200921,1.33,-0.1123117598203512
1468,20200922,1.49,-0.2883221942644853
1469,20200923,1.74,-0.2813182988992104
1470,20200924,1.93,-0.1677119261943377
1471,20200925,1.9,-0.2422726796223567
1472,20200928,1.83,-0.1309735946930371
1473,20200929,1.74,-0.2813182988992104
1474,20200930,1.66,-0.2605843486694189
1475,20201001,1.6,-0.2302375573378343
1476,20201002,1.41,-0.1721043999378498
1477,20201005,1.92,0.0822847714790931
1478,20201006,1.86,-0.3120308105762188
1479,20201007,2.01,-0.5603847182714022
1480,20201008,1.49,-0.2883221942644853
1481,20201009,2.25,-0.476942812020962
1482,20201012,2.31,-0.0747935416606756
1483,20201013,2.14,-0.223069245998676
1484,20201014,2.02,-0.503908634185791
1485,20201015,2.23,-0.4056013616231771
1486,20201016,2.16,-0.3127145205552761
1487,20201019,2.3,0.0147155844248258
1488,20201020,2.57,-0.4890455901622772
1489,20201021,2.95,-0.4405647791348971
1490,20201022,2.99,-0.1264555041606609
1491,20201023,2.91,-0.2954111867226087
1492,20201026,3.14,-0.2705983588328728
1493,20201027,3.07,-0.5831931451192269
1494,20201028,3.14,-0.2705983588328728
1495,20201029,3.06,-0.0919837137827506
1496,20201030,3.03,-0.1601358652114868
1497,20201102,3.03,-0.1601358652114868
1498,20201103,2.88,-0.0143830661590282
1499,20201104,2.63,-0.4000471543807249
1500,20201105,2.69,-0.121839091181755
1501,20201106,2.67,-0.7690418305305334
1502,20201109,2.63,-0.4000471543807249
1503,20201110,2.74,-0.2897709275667484
1504,20201111,2.75,-0.193165870813223
1505,20201112,2.81,-0.349920120376807
1506,20201113,2.82,-0.1226444232922333
1507,20201116,2.62,-0.473056741631948
1508,20201117,2.55,-0.7996637190763767
1509,20201118,2.37,-0.1082903513541588
1510,20201119,2.19,-0.178623637327781
1511,20201120,2.22,-0.4227605015039444
1512,20201123,2.23,-0.4056013616231771
1513,20201124,2.47,-0.5505976436229852
1514,20201125,2.47,-0.5505976436229852
1515,20201130,2.89,-0.3986069560050964
1516,20201201,2.89,-0.3986069560050964
1517,20201202,2.75,-0.193165870813223
1518,20201203,2.46,-0.5037054717540741
1519,20201204,2.48,-0.2802478820085525
1520,20201207,2.39,-0.2550940765784337
1521,20201208,2.36,-0.4845222188876225
1522,20201209,2.45,-0.6666361276920025
1523,20201210,2.45,-0.6666361276920025
1524,20201211,2.54,-0.3385685304036507
1525,20201214,2.69,-0.121839091181755
1526,20201215,2.63,-0.4000471543807249
1527,20201216,2.73,-0.3630430503533436
1528,20201217,2.7,-0.4448337979041613
1529,20201218,2.73,-0.3630430503533436
1530,20201221,2.68,-0.5839033734339935
1531,20201222,2.76,-0.4834038133804614
1532,20201223,2.76,-0.4834038133804614
1533,20201224,2.68,-0.5839033734339935
1534,20201228,2.39,-0.2550940765784337
1535,20201229,2.4,-0.4155985690080203
1536,20201230,2.36,-0.4845222188876225
1537,20210104,2.6,-0.3720721762913924
1538,20210105,2.77,-0.2954274920316843
1539,20210106,2.76,-0.4834038133804614
1540,20210107,2.81,-0.349920120376807
1541,20210108,2.77,-0.2954274920316843
1542,20210111,2.71,-0.2968936402064103
1543,20210112,2.89,-0.3986069560050964
1544,20210113,2.82,-0.1226444232922333
1545,20210114,2.82,-0.1226444232922333
1546,20210115,2.86,-0.5241784258530691
1547,20210119,2.65,-0.8192868037865713
1548,20210120,2.57,-0.4890455901622772
1549,20210121,2.49,-0.6586652019849191
1550,20210122,2.45,-0.6666361276920025
1551,20210125,2.63,-0.4000471543807249
1552,20210126,2.73,-0.3630430503533436
1553,20210127,2.77,-0.2954274920316843
1554,20210128,2.76,-0.4834038133804614
1555,20210129,2.68,-0.5839033734339935
1556,20210201,2.88,-0.0143830661590282
1557,20210202,3.24,-0.1068661430707344
1558,20210203,3.01,-0.3157625393225596
1559,20210204,2.99,-0.1264555041606609
1560,20210205,3.49,-0.4726233539672998
1561,20210208,3.4,-0.3481480593864734
1562,20210209,3.35,-0.3942663703973477
1563,20210210,3.76,-0.2946411210757035
1564,20210211,6.5,-0.4169423912580197
1565,20210212,6.12,-0.5515895451490695
1566,20210216,11.32,-0.3738038963996447
1567,20210217,23.86,-0.4050724059343338
1568,20210218,8.56,-0.6685887827323034
1569,20210219,4.96,-0.2419669857391944
1570,20210222,3.16,-0.4754737902146119
1571,20210223,2.94,-0.3576646172083341
1572,20210224,2.8,-0.5047634129340832
1573,20210225,2.72,-0.1242770013900903
1574,20210226,2.66,-0.5578327373816416
1575,20210301,2.7,-0.4448337979041613
1576,20210302,2.87,-0.1796249208542016
1577,20210303,2.86,-0.5241784258530691
1578,20210304,2.79,-0.3217151554731222
1579,20210305,2.72,-0.1242770013900903
1580,20210308,2.67,-0.7690418305305334
1581,20210309,2.62,-0.473056741631948
1582,20210310,2.62,-0.473056741631948
1583,20210311,2.7,-0.4448337979041613
1584,20210312,2.65,-0.8192868037865713
1585,20210315,2.58,-0.3207287341356277
1586,20210316,2.5,-0.2902010770944448
1587,20210317,2.6,-0.3720721762913924
1588,20210318,2.45,-0.6666361276920025
1589,20210319,2.53,-0.4629014226106497
1590,20210322,2.55,-0.7996637190763767
1591,20210323,2.56,-0.5480467803203143
1592,20210324,2.56,-0.5480467803203143
1593,20210325,2.52,-0.4954529473414787
1594,20210326,2.52,-0.4954529473414787
1595,20210329,2.58,-0.3207287341356277
1596,20210330,2.55,-0.7996637190763767
1597,20210331,2.52,-0.4954529473414787
1598,20210401,2.52,-0.4954529473414787
1599,20210405,2.43,-0.3093797266483307
1600,20210406,2.44,-0.5392339218121308
1601,20210407,2.43,-0.3093797266483307
1602,20210408,2.47,-0.5505976436229852
1603,20210409,2.48,-0.2802478820085525
1604,20210412,2.5,-0.2902010770944448
1605,20210413,2.57,-0.4890455901622772
1606,20210414,2.65,-0.8192868037865713
1607,20210415,2.62,-0.473056741631948
1608,20210416,2.63,-0.4000471543807249
1609,20210419,2.75,-0.193165870813223
1610,20210420,2.76,-0.4834038133804614
1611,20210421,2.72,-0.1242770013900903
1612,20210422,2.77,-0.2954274920316843
1613,20210423,2.79,-0.3217151554731222
1614,20210426,2.73,-0.3630430503533436
1615,20210427,2.91,-0.2954111867226087
1616,20210428,2.98,-0.3370252274549924
1617,20210429,2.91,-0.2954111867226087
1618,20210430,2.86,-0.5241784258530691
1619,20210503,2.96,-0.3744037116949374
1620,20210504,3.0,-0.3970408210387596
1621,20210505,2.99,-0.1264555041606609
1622,20210506,2.9,-0.2879795787426141
1623,20210507,2.9,-0.2879795787426141
1624,20210510,2.93,-0.3383551847476225
1625,20210511,2.91,-0.2954111867226087
1626,20210512,2.91,-0.2954111867226087
1627,20210513,2.95,-0.4405647791348971
1628,20210514,2.95,-0.4405647791348971
1629,20210517,2.99,-0.1264555041606609
1630,20210518,2.96,-0.3744037116949374
1631,20210519,2.88,-0.0143830661590282
1632,20210520,2.86,-0.5241784258530691
1633,20210521,2.84,-0.4457995834258886
1634,20210524,2.78,-0.3650257117473162
1635,20210525,2.87,-0.1796249208542016
1636,20210526,2.91,-0.2954111867226087
1637,20210527,2.85,-0.5364674077584193
1638,20210528,2.91,-0.2954111867226087
1639,20210531,2.91,-0.2954111867226087
1640,20210601,3.02,-0.2647015945269511
1641,20210602,3.09,-0.3707514164539484
1642,20210603,3.01,-0.3157625393225596
1643,20210604,3.01,-0.3157625393225596
1644,20210607,2.98,-0.3370252274549924
1645,20210608,3.11,-0.3871936614696796
1646,20210609,3.13,-0.2666517255397943
1647,20210610,3.13,-0.2666517255397943
1648,20210611,3.23,-0.4273220323599301
1649,20210614,3.36,-0.5178846946129432
1650,20210615,3.31,-0.3091424027314552
1651,20210616,3.25,-0.6799043875474197
1652,20210617,3.24,-0.1068661430707344
1653,20210618,3.23,-0.4273220323599301
1654,20210621,3.15,-0.3090599041718703
1655,20210622,3.21,-0.4321380463930276
1656,20210623,3.36,-0.5178846946129432
1657,20210624,3.3,-0.2075066050657859
1658,20210625,3.4,-0.3481480593864734
1659,20210628,3.62,0.1461348361693895
1660,20210629,3.75,-0.1244381505709428
1661,20210630,3.79,-0.0563649466404548
1662,20210701,3.76,-0.2946411210757035
1663,20210702,3.67,-0.3220536536895312
1664,20210705,3.67,-0.3220536536895312
1665,20210706,3.68,-0.5165355343085068
1666,20210707,3.66,-0.0151424809144093
1667,20210708,3.56,-0.4248552345312558
1668,20210709,3.71,-0.6550532590884429
1669,20210712,3.7,-0.4405704014576398
1670,20210713,3.78,-0.2486223566990632
1671,20210714,3.8,-0.0776107964607385
1672,20210715,3.68,-0.5165355343085068
1673,20210716,3.7,-0.4405704014576398
1674,20210719,3.75,-0.1244381505709428
1675,20210720,3.82,-0.327277653492414
1676,20210721,3.94,-0.3090927027739011
1677,20210722,4.02,0.0309835557754223
1678,20210723,4.11,-0.5124361366033554
1679,20210726,4.09,0.130494726391939
1680,20210727,4.15,-0.3560184618601432
1681,20210728,4.1,-0.3823682344876803
1682,20210729,4.03,-0.1529516531870915
1683,20210730,3.94,-0.3090927027739011
1684,20210802,4.02,0.0309835557754223
1685,20210803,4.06,-0.309102319754087
1686,20210804,4.2,-0.2406445134144563
1687,20210805,4.27,-0.4997682537023837
1688,20210806,4.21,-0.2712785532841316
1689,20210809,4.24,-0.4640769247825329
1690,20210810,4.12,-0.3561569842008444
1691,20210811,4.07,-0.2630096479104115
1692,20210812,4.1,-0.3823682344876803
1693,20210813,3.95,-0.2426124260975764
1694,20210816,3.93,-0.0058635610800523
1695,20210817,3.92,-0.2310003878978582
1696,20210818,3.86,-0.0776029538649779
1697,20210819,3.83,-0.3973257759442696
1698,20210820,3.94,-0.3090927027739011
1699,20210823,3.93,-0.0058635610800523
1700,20210824,3.95,-0.2426124260975764
1701,20210825,4.03,-0.1529516531870915
1702,20210826,4.07,-0.2630096479104115
1703,20210827,4.35,-0.3426167770073964
1704,20210830,4.25,-0.2597338087283648
1705,20210831,4.33,-0.1918282990272228
1706,20210901,4.45,-0.3131481879032575
1707,20210902,4.65,-0.3822716967417643
1708,20210903,4.77,-0.381038554585897
1709,20210907,4.71,0.0691319967691714
1710,20210908,4.66,-0.5775790948134202
1711,20210909,4.97,-0.4548811946923916
1712,20210910,5.13,-0.2422085530482805
1713,20210913,5.21,-0.0028664423869206
1714,20210914,5.39,-0.2837094687498532
1715,20210915,5.66,-0.2919428417315849
1716,20210916,5.52,-0.3503563277996503
1717,20210917,5.32,-0.4750438940066557
1718,20210920,5.25,-0.200317322061612
1719,20210921,4.96,-0.2419669857391944
1720,20210922,4.92,-0.2015509181297742
1721,20210923,4.94,-0.3180848623697574
1722,20210924,5.1,-0.2972147109416815
1723,20210927,5.53,-0.1761885319764797
1724,20210928,5.94,-0.1534280627965927
1725,20210929,5.73,-0.5371162318266355
1726,20210930,5.58,-0.3972573257409609
1727,20211001,5.61,-0.3892445747668926
1728,20211004,5.8,-0.4765384392096446
1729,20211005,6.37,-0.3067374779627873
1730,20211006,6.0,-0.5385114367191608
1731,20211007,5.71,-0.2335681319236755
1732,20211008,5.46,-0.3610690293403772
1733,20211011,5.46,-0.3610690293403772
1734,20211012,5.34,0.0069516782577221
1735,20211013,5.56,-0.3298160995428378
1736,20211014,5.92,-0.3125891444774774
1737,20211015,5.44,-0.2906912267208099
1738,20211018,5.01,-0.3608379902747961
1739,20211019,4.81,-0.5351571715795077
1740,20211020,4.87,-0.2428921048457805
1741,20211021,4.94,-0.3180848623697574
1742,20211022,5.1,-0.2972147109416815
1743,20211025,5.72,-0.4352301576962837
1744,20211026,5.59,-0.2311279739324863
1745,20211027,5.91,-0.4458561425025646
1746,20211028,5.68,-0.2834183229849888
1747,20211029,5.49,-0.5489624807467828
1748,20211101,5.22,-0.0889506213940106
1749,20211102,5.33,-0.3982835228626544
1750,20211103,5.59,-0.2311279739324863
1751,20211104,5.73,-0.5371162318266355
1752,20211105,5.51,-0.4431707412004471
1753,20211108,5.53,-0.1761885319764797
1754,20211109,5.08,-0.2920183206980045
1755,20211110,4.56,-0.6006455387060459
1756,20211111,4.81,-0.5351571715795077
1757,20211112,4.97,-0.4548811946923916
1758,20211115,4.77,-0.381038554585897
1759,20211116,5.11,-0.3134112128844628
1760,20211117,4.82,-0.4508511435527068
1761,20211118,4.95,-0.5584449401268592
1762,20211119,4.9,-0.4686129207794482
1763,20211122,4.83,-0.6442212141477145
1764,20211123,4.95,-0.5584449401268592
1765,20211124,4.93,-0.4041055899399977
1766,20211125,4.93,-0.4041055899399977
1767,20211126,4.93,-0.4041055899399977
1768,20211129,4.9,-0.4686129207794482
1769,20211130,4.52,-0.4871970346340766
1770,20211201,4.31,-0.3424468246790079
1771,20211202,4.08,-0.5498976879394971
1772,20211203,3.79,-0.0563649466404548
1773,20211206,3.66,-0.0151424809144093
1774,20211207,3.6,0.0290148739631359
1775,20211208,3.79,-0.0563649466404548
1776,20211209,3.67,-0.3220536536895312
1777,20211210,3.65,-0.424456578034621
1778,20211213,4.05,-0.7214314490556717
1779,20211214,3.71,-0.6550532590884429
1780,20211215,3.79,-0.0563649466404548
1781,20211216,3.67,-0.3220536536895312
1782,20211217,3.71,-0.6550532590884429
1783,20211220,3.91,-0.155576997078382
1784,20211221,3.96,-0.3098924492414181
1785,20211222,3.95,-0.2426124260975764
1786,20211223,3.56,-0.4248552345312558
1787,20211227,3.45,-0.061495419878226
1788,20211228,3.32,-0.2890005065844609
1789,20211229,3.4,-0.3481480593864734
1790,20211230,3.82,-0.327277653492414
1791,20211231,3.82,-0.327277653492414
1792,20220103,3.74,-0.1858206356947238
1793,20220104,3.73,-0.3311433276304832
1794,20220105,3.78,-0.2486223566990632
1795,20220106,3.94,-0.3090927027739011
1796,20220107,3.83,-0.3973257759442696
1797,20220110,4.16,-0.3097856938838959
1798,20220111,4.16,-0.3097856938838959
1799,20220112,4.62,-0.34481092943595
1800,20220113,4.78,-0.5224160999059677
1801,20220114,4.37,-0.2150363371922419
1802,20220117,4.37,-0.2150363371922419
1803,20220118,4.55,-0.5617769532478772
1804,20220119,4.89,-0.2056125012727884
1805,20220120,4.45,-0.3131481879032575
1806,20220121,4.11,-0.5124361366033554
1807,20220124,4.2,-0.2406445134144563
1808,20220125,4.24,-0.4640769247825329
1809,20220126,4.43,-0.3493899278915845
1810,20220127,4.43,-0.3493899278915845
1811,20220128,5.69,-0.5057855053589895
1812,20220131,5.56,-0.3298160995428378
1813,20220201,5.45,-0.4533433616161346
1814,20220202,6.7,-0.417643136703051
1815,20220203,5.84,-0.2530418588564946
1816,20220204,5.34,0.0069516782577221
1817,20220207,4.44,-0.2444130400052437
1818,20220208,4.3,-0.5435543942909974
1819,20220209,4.13,-0.3513080810125057
1820,20220210,4.03,-0.1529516531870915
1821,20220211,4.04,-0.2527176978496405
1822,20220214,4.05,-0.7214314490556717
1823,20220215,4.31,-0.3424468246790079
1824,20220216,4.39,-0.2566484465048863
1825,20220217,4.57,-0.2841087327553676
1826,20220218,4.61,-0.3243423734719937
1827,20220221,4.61,-0.3243423734719937
1828,20220222,4.48,-0.3837692519793144
1829,20220223,4.59,-0.4392904329758424
1830,20220224,4.78,-0.5224160999059677
1831,20220225,4.63,-0.376215901512366
1832,20220228,4.46,-0.5264901736607919
1833,20220301,4.36,-0.4938921389671472
1834,20220302,4.65,-0.3822716967417643
1835,20220303,4.63,-0.376215901512366
1836,20220304,4.74,-0.4370717028012642
1837,20220307,4.93,-0.4041055899399977
1838,20220308,4.61,-0.3243423734719937
1839,20220309,4.55,-0.5617769532478772
1840,20220310,4.65,-0.3822716967417643
1841,20220311,4.79,-0.1834155538907418
1842,20220314,4.59,-0.4392904329758424
1843,20220315,4.46,-0.5264901736607919
1844,20220316,4.68,-0.50633293734147
1845,20220317,4.8,-0.5589416542878518
1846,20220318,4.87,-0.2428921048457805
1847,20220321,4.77,-0.381038554585897
1848,20220322,5.0,-0.4531422670070941
1849,20220323,5.26,-0.421339193215737
1850,20220324,5.19,-0.484670313505026
1851,20220325,5.51,-0.4431707412004471
1852,20220328,5.52,-0.3503563277996503
1853,20220329,5.32,-0.4750438940066557
1854,20220330,5.32,-0.4750438940066557
1855,20220331,5.46,-0.3610690293403772
1856,20220401,5.43,-0.5439233848681817
1857,20220404,5.72,-0.4352301576962837
1858,20220405,5.95,-0.5381262096074911
1859,20220406,6.29,-0.6173249964530652
1860,20220407,6.05,-0.5189798818184779
1861,20220408,6.38,-0.4854232405240719
1862,20220411,6.35,-0.2968697181114784
1863,20220412,6.59,-0.402193362896259
1864,20220413,6.68,-0.4174862297681662
1865,20220414,6.94,-0.5812065761822921
1866,20220418,7.48,-0.3412534422599352
1867,20220419,7.44,-0.2788524490136366
1868,20220420,7.12,-0.2715539909326113
1869,20220421,6.88,-0.5839351335397134
1870,20220422,6.59,-0.402193362896259
1871,20220425,6.42,-0.4030451705822578
1872,20220426,6.89,-0.4013741864607884
1873,20220503,7.84,-0.07331531494855881
