Day,Price
19970107,3.82
19970108,3.8
19970109,3.61
19970110,3.92
19970113,4.0
19970114,4.01
19970115,4.34
19970116,4.71
19970117,3.91
19970120,3.26
19970121,2.99
19970122,3.05
19970123,2.96
19970124,2.62
19970127,2.98
19970128,3.05
19970129,2.91
19970130,2.86
19970131,2.77
19970203,2.49
19970204,2.59
19970205,2.65
19970206,2.51
19970207,2.39
19970210,2.42
19970211,2.34
19970212,2.42
19970213,2.22
19970214,2.12
19970218,1.84
19970219,1.95
19970220,1.92
19970221,1.92
19970224,1.92
19970225,1.77
19970226,1.81
19970227,1.8
19970228,1.78
19970303,1.8
19970304,1.87
19970305,1.92
19970306,1.82
19970307,1.89
19970310,1.95
19970311,1.92
19970312,1.96
19970313,1.98
19970314,1.97
19970317,2.01
19970318,1.91
19970319,1.88
19970320,1.88
19970321,1.87
19970324,1.8
19970325,1.85
19970326,1.85
19970327,1.84
19970331,1.84
19970401,1.95
19970402,1.85
19970403,1.87
19970404,1.91
19970407,1.99
19970408,2.01
19970409,1.96
19970410,1.97
19970411,1.98
19970414,2.0
19970415,2.0
19970416,2.02
19970417,2.08
19970418,2.1
19970421,2.09
19970422,2.1
19970423,2.22
19970424,2.11
19970425,2.16
19970428,2.1
19970429,2.09
19970430,2.16
19970501,2.19
19970502,2.21
19970505,2.23
19970506,2.25
19970507,2.34
19970508,2.33
19970509,2.3
19970512,2.27
19970513,2.18
19970514,2.22
19970515,2.25
19970516,2.19
19970519,2.25
19970520,2.22
19970521,2.21
19970522,2.22
19970523,2.2
19970527,2.29
19970528,2.34
19970529,2.29
19970530,2.23
19970602,2.2
19970603,2.11
19970604,2.19
19970605,2.18
19970606,2.19
19970609,2.19
19970610,2.16
19970611,2.16
19970612,2.14
19970613,2.15
19970616,2.2
19970617,2.2
19970618,2.22
19970619,2.23
19970620,2.25
19970623,2.29
19970624,2.32
19970625,2.32
19970626,2.23
19970627,2.17
19970630,2.17
19970701,2.16
19970702,2.14
19970703,2.11
19970707,2.13
19970708,2.13
19970709,2.16
19970710,2.15
19970711,2.16
19970714,2.18
19970715,2.21
19970716,2.24
19970717,2.29
19970718,2.26
19970721,2.17
19970722,2.18
19970723,2.2
19970724,2.24
19970725,2.22
19970728,2.19
19970729,2.23
19970730,2.19
19970731,2.23
19970801,2.24
19970804,2.26
19970805,2.33
19970806,2.38
19970807,2.5
19970808,2.38
19970811,2.53
19970812,2.56
19970813,2.45
19970814,2.57
19970815,2.53
19970818,2.56
19970819,2.61
19970820,2.62
19970821,2.45
19970822,2.47
19970825,2.53
19970826,2.58
19970827,2.51
19970828,2.57
19970829,2.69
19970902,2.82
19970903,2.86
19970904,2.73
19970905,2.67
19970908,2.67
19970909,2.74
19970910,2.74
19970911,2.78
19970912,2.86
19970915,2.88
19970916,2.83
19970917,2.75
19970918,2.84
19970919,2.94
19970922,2.98
19970923,3.09
19970924,3.03
19970925,3.05
19970926,3.24
19970929,3.09
19970930,2.96
19971001,3.08
19971002,2.97
19971003,2.91
19971006,2.96
19971007,2.81
19971008,2.8
19971009,2.8
19971010,2.78
19971013,2.87
19971014,2.84
19971015,2.84
19971016,2.94
19971017,2.97
19971020,3.05
19971021,3.13
19971022,3.24
19971023,3.34
19971024,3.29
19971027,3.46
19971028,3.61
19971029,3.45
19971030,3.34
19971031,3.22
19971103,3.23
19971104,3.15
19971105,3.18
19971106,3.2
19971107,3.05
19971110,3.2
19971111,3.26
19971112,3.28
19971113,3.27
19971114,3.25
19971117,3.1
19971118,3.0
19971119,2.97
19971120,2.77
19971121,2.59
19971124,2.63
19971125,2.51
19971126,2.5
19971201,2.52
19971202,2.61
19971203,2.53
19971204,2.48
19971205,2.42
19971208,2.3
19971209,2.35
19971210,2.45
19971211,2.3
19971212,2.3
19971215,2.25
19971216,2.29
19971217,2.38
19971218,2.37
19971219,2.39
19971222,2.36
19971223,2.24
19971224,2.06
19971226,2.18
19971229,2.33
19971230,2.27
19971231,2.27
19980102,2.16
19980105,2.05
19980106,2.16
19980107,2.13
19980108,2.11
19980109,2.09
19980112,2.01
19980113,2.03
19980114,2.05
19980115,2.07
19980116,2.11
19980120,2.12
19980121,2.09
19980122,2.1
19980123,2.14
19980126,2.09
19980127,2.06
19980128,2.09
19980129,2.07
19980130,2.09
19980202,2.23
19980203,2.27
19980204,2.23
19980205,2.31
19980206,2.35
19980209,2.25
19980210,2.18
19980211,2.21
19980212,2.2
19980213,2.22
19980217,2.18
19980218,2.19
19980219,2.22
19980220,2.2
19980223,2.2
19980224,2.19
19980225,2.21
19980226,2.28
19980227,2.23
19980302,2.26
19980303,2.24
19980304,2.19
19980305,2.12
19980306,2.1
19980309,2.17
19980310,2.25
19980311,2.25
19980312,2.23
19980313,2.21
19980316,2.2
19980317,2.2
19980318,2.21
19980319,2.25
19980320,2.28
19980323,2.33
19980324,2.29
19980325,2.33
19980326,2.29
19980327,2.26
19980330,2.32
19980331,2.34
19980401,2.45
19980402,2.43
19980403,2.51
19980406,2.51
19980407,2.51
19980408,2.65
19980409,2.61
19980413,2.52
19980414,2.42
19980415,2.48
19980416,2.48
19980417,2.4
19980420,2.4
19980421,2.46
19980422,2.46
19980423,2.35
19980424,2.31
19980427,2.29
19980428,2.27
19980429,2.29
19980430,2.18
19980501,2.11
19980504,2.1
19980505,2.19
19980506,2.12
19980507,2.16
19980508,2.11
19980511,2.19
19980512,2.23
19980513,2.24
19980514,2.18
19980515,2.18
19980518,2.19
19980519,2.17
19980520,2.18
19980521,2.11
19980522,2.02
19980526,2.1
19980527,2.1
19980528,2.04
19980529,2.1
19980601,2.1
19980602,2.2
19980603,2.13
19980604,2.04
19980605,2.01
19980608,2.0
19980609,2.01
19980610,1.98
19980611,1.99
19980612,2.01
19980615,2.08
19980616,2.1
19980617,2.05
19980618,2.14
19980619,2.2
19980622,2.35
19980623,2.35
19980624,2.4
19980625,2.39
19980626,2.4
19980629,2.36
19980630,2.39
19980701,2.46
19980702,2.36
19980706,2.38
19980707,2.35
19980708,2.39
19980709,2.38
19980710,2.32
19980713,2.3
19980714,2.23
19980715,2.21
19980716,2.15
19980717,2.15
19980720,2.18
19980721,2.09
19980722,2.0
19980723,2.0
19980724,1.97
19980727,2.0
19980728,1.97
19980729,1.99
19980730,1.95
19980731,1.85
19980803,1.84
19980804,1.9
19980805,1.91
19980806,1.85
19980807,1.82
19980810,1.87
19980811,1.87
19980812,1.85
19980813,1.83
19980814,1.83
19980817,1.93
19980818,1.94
19980819,1.96
19980820,1.9
19980821,1.93
19980824,1.9
19980825,1.89
19980826,1.83
19980827,1.76
19980828,1.66
19980831,1.61
19980901,1.84
19980902,1.72
19980903,1.71
19980904,1.71
19980908,1.81
19980909,1.78
19980910,1.88
19980911,1.86
19980914,1.86
19980915,1.94
19980916,2.15
19980917,2.12
19980918,2.27
19980921,2.18
19980922,2.29
19980923,2.19
19980924,2.17
19980925,2.38
19980928,2.23
19980929,2.06
19980930,2.22
19981001,2.33
19981002,2.14
19981005,2.09
19981006,2.01
19981007,2.05
19981008,2.02
19981009,1.8
19981012,1.75
19981013,1.7
19981014,1.8
19981015,1.75
19981016,1.64
19981019,1.74
19981020,1.95
19981021,2.04
19981022,1.95
19981023,1.84
19981026,1.92
19981027,1.85
19981028,1.7
19981029,2.0
19981030,2.0
19981102,1.84
19981103,2.1
19981104,2.11
19981105,2.26
19981106,2.25
19981109,2.28
19981110,2.3
19981111,2.33
19981112,2.21
19981113,2.21
19981116,2.19
19981117,2.12
19981118,2.1
19981119,2.1
19981120,2.07
19981123,2.02
19981124,2.08
19981125,2.13
19981130,1.63
19981201,1.41
19981202,1.4
19981203,1.21
19981204,1.05
19981207,1.44
19981208,1.79
19981209,1.64
19981210,1.59
19981211,1.55
19981214,1.8
19981215,1.86
19981216,1.95
19981217,2.02
19981218,2.02
19981221,2.05
19981222,1.96
19981223,1.88
19981224,1.89
19981228,1.79
19981229,1.82
19981230,1.81
19981231,1.95
19990104,2.1
19990105,2.05
19990106,2.04
19990107,1.91
19990108,1.9
19990111,1.83
19990112,1.82
19990113,1.87
19990114,1.77
19990115,1.78
19990119,1.77
19990120,1.81
19990121,1.85
19990122,1.82
19990125,1.76
19990126,1.73
19990127,1.75
19990128,1.75
19990129,1.83
19990201,1.75
19990202,1.78
19990203,1.8
19990204,1.79
19990205,1.81
19990208,1.81
19990209,1.82
19990210,1.8
19990211,1.78
19990212,1.82
19990216,1.79
19990217,1.79
19990218,1.8
19990219,1.79
19990222,1.77
19990223,1.75
19990224,1.73
19990225,1.64
19990226,1.63
19990301,1.65
19990302,1.67
19990303,1.68
19990304,1.72
19990305,1.74
19990308,1.87
19990309,1.86
19990310,1.94
19990311,1.87
19990312,1.81
19990315,1.75
19990316,1.75
19990317,1.75
19990318,1.75
19990319,1.73
19990322,1.74
19990323,1.8
19990324,1.79
19990325,1.8
19990326,1.83
19990329,1.8
19990330,1.89
19990331,2.02
19990401,1.95
19990405,2.03
19990406,1.98
19990407,2.03
19990408,2.07
19990409,2.1
19990412,2.06
19990413,2.14
19990414,2.11
19990415,2.14
19990416,2.14
19990419,2.1
19990420,2.18
19990421,2.17
19990422,2.24
19990423,2.23
19990426,2.23
19990427,2.32
19990428,2.31
19990429,2.37
19990430,2.25
19990503,2.23
19990504,2.32
19990505,2.36
19990506,2.32
19990507,2.25
19990510,2.25
19990511,2.29
19990512,2.19
19990513,2.21
19990514,2.28
19990517,2.31
19990518,2.3
19990519,2.27
19990520,2.26
19990521,2.21
19990524,2.19
19990525,2.18
19990526,2.22
19990527,2.27
19990528,2.29
19990601,2.34
19990602,2.36
19990603,2.35
19990604,2.31
19990607,2.41
19990608,2.38
19990609,2.39
19990610,2.37
19990611,2.3
19990614,2.29
19990615,2.28
19990616,2.28
19990617,2.24
19990618,2.24
19990621,2.22
19990622,2.23
19990623,2.25
19990624,2.26
19990625,2.27
19990628,2.25
19990629,2.33
19990630,2.34
19990701,2.29
19990702,2.26
19990706,2.29
19990707,2.2
19990708,2.19
19990709,2.17
19990712,2.12
19990713,2.14
19990714,2.16
19990715,2.12
19990716,2.18
19990719,2.2
19990720,2.24
19990721,2.25
19990722,2.32
19990723,2.42
19990726,2.55
19990727,2.55
19990728,2.58
19990729,2.67
19990730,2.55
19990802,2.51
19990803,2.61
19990804,2.64
19990805,2.69
19990806,2.69
19990809,2.73
19990810,2.77
19990811,2.79
19990812,2.73
19990813,2.71
19990816,2.73
19990817,2.7
19990818,2.75
19990819,2.87
19990820,2.97
19990823,2.95
19990824,3.01
19990825,3.1
19990826,2.97
19990827,2.87
19990830,2.85
19990831,2.84
19990901,2.71
19990902,2.56
19990903,2.47
19990907,2.56
19990908,2.66
19990909,2.75
19990910,2.84
19990913,2.8
19990914,2.66
19990915,2.52
19990916,2.47
19990917,2.45
19990920,2.49
19990921,2.33
19990922,2.3
19990923,2.45
19990924,2.54
19990927,2.51
19990928,2.52
19990929,2.57
19990930,2.31
19991001,2.39
19991004,2.49
19991005,2.45
19991006,2.48
19991007,2.49
19991008,2.35
19991011,2.53
19991012,2.65
19991013,2.81
19991014,2.7
19991015,2.66
19991018,2.82
19991019,2.89
19991020,2.9
19991021,2.99
19991022,3.0
19991025,2.98
19991026,2.96
19991027,3.02
19991028,2.97
19991029,2.76
19991101,2.73
19991102,2.81
19991103,2.82
19991104,2.75
19991105,2.62
19991108,2.59
19991109,2.44
19991110,2.39
19991111,2.38
19991112,2.16
19991115,2.33
19991116,2.23
19991117,2.24
19991118,2.22
19991119,2.16
19991122,2.05
19991123,1.99
19991124,1.96
19991129,2.25
19991130,2.22
19991201,2.17
19991202,2.18
19991203,2.16
19991206,2.19
19991207,2.16
19991208,2.23
19991209,2.2
19991210,2.27
19991213,2.35
19991214,2.49
19991215,2.54
19991216,2.52
19991217,2.55
19991220,2.67
19991221,2.59
19991222,2.45
19991223,2.42
19991227,2.36
19991228,2.32
19991229,2.34
19991230,2.3
20000104,2.16
20000105,2.17
20000106,2.18
20000107,2.19
20000110,2.2
20000111,2.23
20000112,2.25
20000113,2.29
20000114,2.28
20000118,2.35
20000119,2.4
20000120,2.53
20000121,2.55
20000124,2.55
20000125,2.66
20000126,2.73
20000127,2.76
20000128,2.84
20000131,2.69
20000201,2.81
20000202,2.91
20000203,2.85
20000204,2.78
20000207,2.81
20000208,2.6
20000209,2.62
20000210,2.65
20000211,2.65
20000214,2.61
20000215,2.61
20000216,2.65
20000217,2.66
20000218,2.65
20000222,2.55
20000223,2.5
20000224,2.52
20000225,2.51
20000228,2.6
20000229,2.65
20000301,2.71
20000302,2.8
20000303,2.72
20000306,2.76
20000307,2.78
20000308,2.74
20000309,2.69
20000313,2.79
20000314,2.83
20000315,2.76
20000316,2.84
20000317,2.81
20000320,2.73
20000321,2.74
20000322,2.78
20000323,2.76
20000324,2.82
20000327,2.82
20000328,2.94
20000329,2.92
20000330,2.83
20000331,2.88
20000403,2.92
20000404,2.87
20000405,2.86
20000406,2.98
20000407,2.99
20000410,2.97
20000411,2.98
20000412,3.05
20000413,3.05
20000414,3.11
20000417,3.13
20000418,3.12
20000419,3.12
20000420,3.07
20000424,3.12
20000425,3.18
20000426,3.12
20000427,3.06
20000428,3.09
20000501,3.16
20000502,3.2
20000503,3.18
20000504,3.09
20000505,3.11
20000508,3.12
20000509,3.25
20000510,3.2
20000511,3.37
20000512,3.35
20000515,3.37
20000516,3.45
20000517,3.49
20000518,3.73
20000519,3.76
20000522,3.95
20000523,3.85
20000524,3.94
20000525,4.18
20000526,4.29
20000530,4.35
20000531,4.52
20000601,4.39
20000602,4.21
20000605,4.17
20000606,4.48
20000607,4.23
20000608,3.96
20000609,4.14
20000612,4.22
20000613,4.27
20000614,4.16
20000615,4.38
20000616,4.45
20000619,4.38
20000620,4.02
20000621,4.14
20000622,4.44
20000623,4.42
20000626,4.37
20000627,4.55
20000628,4.44
20000629,4.25
20000630,4.36
20000703,4.36
20000705,4.24
20000706,4.02
20000707,4.0
20000710,4.19
20000711,4.17
20000712,4.29
20000713,4.08
20000714,4.17
20000717,4.13
20000718,3.99
20000719,4.07
20000720,3.86
20000721,3.88
20000724,3.74
20000725,3.63
20000726,3.59
20000727,3.75
20000728,3.89
20000731,3.75
20000801,3.78
20000802,4.05
20000803,4.23
20000804,4.25
20000807,4.39
20000808,4.46
20000809,4.48
20000810,4.43
20000811,4.44
20000814,4.42
20000815,4.24
20000816,4.24
20000817,4.35
20000818,4.38
20000821,4.6
20000822,4.8
20000823,4.67
20000824,4.53
20000825,4.55
20000828,4.62
20000829,4.6
20000830,4.61
20000831,4.76
20000901,4.7
20000905,4.81
20000906,4.89
20000907,4.85
20000908,4.74
20000911,4.85
20000912,4.96
20000913,5.06
20000914,5.1
20000915,5.28
20000918,5.06
20000919,5.22
20000920,5.24
20000921,5.16
20000922,5.16
20000925,5.12
20000926,5.28
20000927,5.34
20000928,5.2
20000929,5.1
20001002,5.24
20001003,5.29
20001004,5.22
20001005,5.21
20001006,5.04
20001009,5.09
20001010,5.16
20001011,5.1
20001012,5.54
20001013,5.43
20001016,5.34
20001017,5.27
20001018,5.36
20001019,5.04
20001020,4.84
20001023,4.82
20001024,4.84
20001025,4.64
20001026,4.61
20001027,4.48
20001030,4.56
20001031,4.37
20001101,4.4
20001102,4.5
20001103,4.64
20001106,4.6
20001107,4.68
20001108,4.92
20001109,5.34
20001110,5.24
20001113,5.59
20001114,5.81
20001115,5.95
20001116,5.94
20001117,5.62
20001120,6.23
20001121,6.35
20001122,6.3
20001127,6.24
20001128,5.9
20001129,5.93
20001130,6.31
20001201,6.53
20001204,7.41
20001205,8.03
20001206,8.75
20001207,8.48
20001208,8.13
20001211,9.96
20001212,8.58
20001213,7.8
20001214,7.48
20001215,8.03
20001218,9.28
20001219,9.11
20001220,9.95
20001221,10.49
20001222,10.48
20001226,10.23
20001227,9.58
20001228,9.22
20001229,10.48
20010102,9.97
20010103,9.71
20010104,9.45
20010105,10.03
20010108,10.31
20010109,9.95
20010110,9.91
20010111,8.95
20010112,8.75
20010116,8.16
20010117,7.85
20010118,7.09
20010119,7.61
20010122,7.7
20010123,7.02
20010124,6.81
20010125,6.81
20010126,7.0
20010129,6.76
20010130,5.96
20010131,5.83
20010201,5.82
20010202,6.76
20010205,6.15
20010206,5.59
20010207,5.67
20010208,6.24
20010209,6.24
20010212,5.74
20010213,5.58
20010214,5.89
20010215,5.35
20010216,5.57
20010220,5.17
20010221,5.2
20010222,5.11
20010223,5.05
20010226,5.07
20010227,5.07
20010228,5.25
20010301,5.25
20010302,5.06
20010305,5.32
20010306,5.27
20010307,5.22
20010308,5.25
20010309,5.13
20010312,4.98
20010313,5.08
20010314,4.99
20010315,5.27
20010316,5.27
20010319,5.27
20010320,5.27
20010321,5.16
20010322,5.16
20010323,5.16
20010326,5.23
20010327,5.47
20010328,5.6
20010329,5.31
20010330,5.35
20010402,5.25
20010403,5.25
20010404,5.24
20010405,5.27
20010406,5.33
20010409,5.45
20010410,5.55
20010411,5.45
20010412,5.32
20010416,5.48
20010417,5.36
20010418,5.15
20010419,5.06
20010420,5.0
20010423,5.09
20010424,5.13
20010425,4.98
20010426,4.92
20010427,4.83
20010430,4.73
20010501,4.55
20010502,4.54
20010503,4.46
20010504,4.5
20010507,4.33
20010508,4.22
20010509,4.15
20010510,4.17
20010511,4.25
20010514,4.28
20010515,4.46
20010516,4.46
20010517,4.2
20010518,4.15
20010521,4.14
20010522,4.04
20010523,4.11
20010524,4.12
20010525,3.83
20010529,3.86
20010530,3.66
20010531,3.73
20010601,3.7
20010604,3.98
20010605,3.93
20010606,3.76
20010607,3.68
20010608,3.62
20010611,3.91
20010612,4.05
20010613,4.13
20010614,3.92
20010615,3.86
20010618,3.91
20010619,3.96
20010620,3.83
20010621,3.69
20010622,3.68
20010625,3.56
20010626,3.46
20010627,3.39
20010628,3.2
20010629,2.91
20010702,2.92
20010703,3.0
20010705,3.09
20010706,2.99
20010709,3.1
20010710,3.2
20010711,3.21
20010712,3.29
20010713,3.15
20010716,3.08
20010717,3.14
20010718,3.15
20010719,3.01
20010720,2.97
20010723,3.02
20010724,3.0
20010725,3.06
20010726,3.26
20010727,3.06
20010730,3.28
20010731,3.31
20010801,3.27
20010802,3.15
20010803,3.06
20010806,3.07
20010807,3.16
20010808,3.11
20010809,3.1
20010810,2.99
20010813,3.0
20010814,3.05
20010815,3.15
20010816,3.46
20010817,3.24
20010820,3.17
20010821,3.18
20010822,3.2
20010823,2.87
20010824,2.77
20010827,2.61
20010828,2.57
20010829,2.46
20010830,2.47
20010831,2.15
20010904,2.23
20010905,2.34
20010906,2.43
20010907,2.36
20010910,2.38
20010911,2.38
20010912,2.44
20010913,2.39
20010914,2.41
20010917,2.36
20010918,2.18
20010919,2.13
20010920,2.06
20010921,2.04
20010924,1.99
20010925,1.94
20010926,1.88
20010927,1.9
20010928,1.8
20011001,1.74
20011002,1.83
20011003,1.97
20011004,2.13
20011005,2.11
20011008,2.02
20011009,2.11
20011010,2.22
20011011,2.41
20011012,2.28
20011015,2.26
20011016,2.51
20011017,2.61
20011018,2.39
20011019,2.31
20011022,2.61
20011023,2.82
20011024,2.67
20011025,3.15
20011026,3.06
20011029,3.21
20011030,3.11
20011031,3.07
20011101,2.99
20011102,2.93
20011105,2.87
20011106,2.72
20011107,2.73
20011108,2.68
20011109,2.61
20011112,2.45
20011113,2.38
20011114,2.29
20011115,1.99
20011116,1.69
20011119,2.08
20011120,2.55
20011121,1.91
20011126,1.79
20011127,1.87
20011128,2.3
20011129,2.19
20011130,1.83
20011203,2.1
20011204,2.0
20011205,1.89
20011206,1.81
20011207,2.11
20011210,2.28
20011211,2.58
20011212,2.57
20011213,2.4
20011214,2.4
20011217,2.4
20011218,2.4
20011219,2.4
20011220,2.4
20011221,2.4
20011226,2.4
20011227,2.4
20011228,2.4
20011231,2.4
20020102,2.55
20020103,2.58
20020104,2.58
20020107,2.58
20020108,2.39
20020109,2.31
20020110,2.32
20020111,2.32
20020114,2.32
20020115,2.32
20020116,2.38
20020117,2.4
20020118,2.28
20020122,2.28
20020123,2.28
20020124,2.13
20020125,2.03
20020128,2.03
20020129,2.03
20020130,2.28
20020131,2.28
20020201,2.28
20020204,2.28
20020205,2.28
20020206,2.14
20020207,2.17
20020208,2.21
20020211,2.22
20020212,2.39
20020213,2.37
20020214,2.26
20020215,2.18
20020219,2.32
20020220,2.41
20020221,2.4
20020222,2.4
20020225,2.4
20020226,2.46
20020227,2.49
20020228,2.49
20020301,2.51
20020304,2.66
20020305,2.63
20020306,2.52
20020307,2.73
20020308,2.82
20020311,2.9
20020312,2.94
20020313,2.97
20020314,2.78
20020315,2.99
20020318,3.15
20020319,3.33
20020320,3.29
20020321,3.2
20020322,3.57
20020325,3.46
20020326,3.59
20020327,3.35
20020328,3.18
20020401,3.43
20020402,3.72
20020403,3.68
20020404,3.56
20020405,3.31
20020408,3.36
20020409,3.25
20020410,3.25
20020411,3.14
20020412,3.07
20020415,3.27
20020416,3.44
20020417,3.4
20020418,3.5
20020419,3.4
20020422,3.58
20020423,3.63
20020424,3.53
20020425,3.46
20020426,3.32
20020429,3.44
20020430,3.65
20020501,3.79
20020502,3.65
20020503,3.71
20020506,3.61
20020507,3.5
20020508,3.74
20020509,3.72
20020510,3.7
20020513,3.62
20020514,3.75
20020515,3.6
20020516,3.45
20020517,3.41
20020520,3.44
20020521,3.33
20020522,3.39
20020523,3.38
20020524,3.21
20020528,3.18
20020529,3.3
20020530,3.33
20020531,3.15
20020603,3.18
20020604,3.31
20020605,3.29
20020606,3.29
20020607,3.11
20020610,3.14
20020611,3.11
20020612,3.15
20020613,3.04
20020614,3.13
20020617,3.34
20020618,3.23
20020619,3.24
20020620,3.33
20020621,3.18
20020624,3.33
20020625,3.49
20020626,3.92
20020627,3.22
20020628,3.2
20020701,3.28
20020702,3.17
20020703,3.08
20020708,3.06
20020709,2.97
20020710,3.04
20020711,2.85
20020712,2.87
20020715,2.83
20020716,2.89
20020717,2.97
20020718,2.85
20020719,2.95
20020722,3.01
20020723,2.95
20020724,2.91
20020725,3.05
20020726,2.94
20020729,3.07
20020730,2.97
20020731,3.02
20020801,3.07
20020802,2.9
20020805,2.81
20020806,2.8
20020807,2.73
20020808,2.75
20020809,2.83
20020812,2.91
20020813,3.01
20020814,3.03
20020815,2.92
20020816,3.1
20020819,3.1
20020820,3.25
20020821,3.22
20020822,3.36
20020823,3.48
20020826,3.51
20020827,3.47
20020828,3.31
20020829,3.25
20020830,3.12
20020903,3.1
20020904,3.13
20020905,3.2
20020906,3.39
20020909,3.24
20020910,3.35
20020911,3.33
20020912,3.22
20020913,3.37
20020916,3.45
20020917,3.46
20020918,3.8
20020919,3.9
20020920,3.95
20020923,3.87
20020924,4.0
20020925,3.76
20020926,3.61
20020927,3.76
20020930,4.09
20021001,4.41
20021002,4.27
20021003,4.23
20021004,3.86
20021007,3.77
20021008,3.86
20021009,3.91
20021010,3.93
20021011,3.8
20021014,4.19
20021015,4.19
20021016,4.1
20021017,4.1
20021018,4.11
20021021,4.23
20021022,4.2
20021023,4.24
20021024,4.3
20021025,4.12
20021028,4.16
20021029,4.2
20021030,4.34
20021031,4.39
20021101,4.07
20021104,3.94
20021105,3.9
20021106,3.92
20021107,3.9
20021108,3.76
20021111,3.83
20021112,3.83
20021113,3.83
20021114,3.9
20021115,3.92
20021118,4.18
20021119,4.25
20021120,4.27
20021121,4.24
20021122,4.32
20021125,4.34
20021126,4.23
20021127,4.19
20021202,4.23
20021203,4.35
20021204,4.24
20021205,4.35
20021206,4.39
20021209,4.32
20021210,4.4
20021211,4.63
20021212,4.81
20021213,5.05
20021216,5.31
20021217,5.13
20021218,4.98
20021219,5.14
20021220,5.05
20021223,5.03
20021224,5.03
20021226,4.98
20021227,4.81
20021230,4.74
20021231,4.59
20030102,4.93
20030103,5.13
20030106,4.94
20030107,4.89
20030108,5.07
20030109,5.05
20030110,5.19
20030113,5.23
20030114,5.25
20030115,5.21
20030116,5.5
20030117,5.66
20030121,5.47
20030122,5.72
20030123,6.55
20030124,5.91
20030127,5.91
20030128,5.52
20030129,5.61
20030130,5.76
20030131,5.58
20030203,5.71
20030204,6.26
20030205,6.22
20030206,6.08
20030207,6.3
20030210,6.35
20030211,6.19
20030212,6.19
20030213,5.81
20030214,5.88
20030218,6.09
20030219,6.1
20030220,6.38
20030221,6.73
20030224,11.98
20030225,18.48
20030226,10.47
20030227,8.42
20030228,10.81
20030303,8.51
20030304,7.71
20030305,7.8
20030306,7.57
20030307,7.42
20030310,6.78
20030311,6.25
20030312,5.8
20030313,5.71
20030314,5.17
20030317,5.32
20030318,5.13
20030319,5.2
20030320,5.2
20030321,5.05
20030324,5.07
20030325,5.07
20030326,4.9
20030327,4.87
20030328,5.06
20030331,5.01
20030401,4.9
20030402,4.89
20030403,4.91
20030404,4.86
20030407,4.98
20030408,5.21
20030409,5.11
20030410,5.18
20030411,5.28
20030414,5.29
20030415,5.53
20030416,5.62
20030417,5.54
20030421,5.55
20030422,5.58
20030423,5.58
20030424,5.46
20030425,5.39
20030428,5.3
20030429,5.12
20030430,5.25
20030501,5.32
20030502,5.24
20030505,5.36
20030506,5.64
20030507,5.49
20030508,5.65
20030509,5.73
20030512,5.91
20030513,5.98
20030514,6.17
20030515,6.24
20030516,5.96
20030519,6.08
20030520,5.93
20030521,6.08
20030522,6.09
20030523,5.92
20030527,5.84
20030528,5.71
20030529,5.76
20030530,5.99
20030602,6.22
20030603,6.25
20030604,6.4
20030605,6.17
20030606,6.25
20030609,6.25
20030610,6.08
20030611,6.06
20030612,5.86
20030613,5.44
20030616,5.45
20030617,5.66
20030618,5.53
20030619,5.53
20030620,5.68
20030623,5.89
20030624,5.84
20030625,5.64
20030626,5.49
20030627,5.19
20030630,5.31
20030701,5.22
20030702,5.05
20030703,4.96
20030707,5.2
20030708,5.4
20030709,5.56
20030710,5.4
20030711,5.22
20030714,5.15
20030715,5.17
20030716,5.0
20030717,4.96
20030718,5.01
20030721,5.11
20030722,5.04
20030723,4.88
20030724,4.86
20030725,4.68
20030728,4.68
20030729,4.72
20030730,4.68
20030731,4.63
20030801,4.71
20030804,4.81
20030805,4.71
20030806,4.74
20030807,4.85
20030808,5.02
20030811,5.08
20030812,5.06
20030813,5.17
20030814,5.1
20030815,4.83
20030818,4.94
20030819,4.99
20030820,5.03
20030821,5.14
20030822,5.24
20030825,5.26
20030826,5.09
20030827,5.11
20030828,4.94
20030829,4.86
20030902,4.62
20030903,4.68
20030904,4.7
20030905,4.76
20030908,4.82
20030909,4.7
20030910,4.78
20030911,4.85
20030912,4.66
20030915,4.66
20030916,4.67
20030917,4.61
20030918,4.52
20030919,4.33
20030922,4.38
20030923,4.51
20030924,4.58
20030925,4.55
20030926,4.42
20030929,4.57
20030930,4.66
20031001,4.47
20031002,4.42
20031003,4.34
20031006,4.4
20031007,4.66
20031008,4.84
20031009,4.78
20031010,4.92
20031013,4.96
20031014,4.84
20031015,4.93
20031016,4.92
20031017,4.53
20031020,4.3
20031021,4.64
20031022,4.89
20031023,4.9
20031024,4.78
20031027,4.56
20031028,4.45
20031029,4.51
20031030,4.4
20031031,3.98
20031103,4.12
20031104,4.01
20031105,4.46
20031106,4.74
20031107,4.48
20031110,4.42
20031111,4.52
20031112,4.77
20031113,4.6
20031114,4.62
20031117,4.49
20031118,4.35
20031119,4.46
20031120,4.35
20031121,4.15
20031124,4.57
20031125,4.49
20031126,4.86
20031201,5.02
20031202,5.45
20031203,5.45
20031204,5.7
20031205,6.27
20031208,6.06
20031209,6.52
20031210,6.67
20031211,6.56
20031212,6.73
20031215,6.63
20031216,6.58
20031217,6.56
20031218,6.98
20031219,6.92
20031222,6.32
20031223,5.58
20031224,5.5
20031229,5.46
20031230,5.96
20031231,5.76
20040105,6.28
20040106,7.04
20040107,6.61
20040108,6.41
20040109,6.91
20040112,6.29
20040113,6.26
20040114,5.73
20040115,6.02
20040116,5.43
20040120,6.15
20040121,6.26
20040122,6.03
20040123,5.82
20040126,5.7
20040127,5.87
20040128,6.04
20040129,5.99
20040130,5.8
20040202,5.51
20040203,5.69
20040204,5.74
20040205,5.54
20040206,5.38
20040209,5.44
20040210,5.49
20040211,5.34
20040212,5.35
20040213,5.62
20040217,5.43
20040218,5.33
20040219,5.28
20040220,5.19
20040223,5.1
20040224,5.08
20040225,5.1
20040226,5.13
20040227,5.27
20040301,5.17
20040302,5.37
20040303,5.34
20040304,5.17
20040305,5.32
20040308,5.42
20040309,5.34
20040310,5.33
20040311,5.33
20040312,5.52
20040315,5.59
20040316,5.6
20040317,5.61
20040318,5.63
20040319,5.49
20040322,5.46
20040323,5.36
20040324,5.35
20040325,5.22
20040326,5.16
20040329,5.25
20040330,5.4
20040331,5.63
20040401,5.82
20040402,5.69
20040405,5.81
20040406,5.7
20040407,5.76
20040408,5.84
20040412,5.85
20040413,5.92
20040414,5.73
20040415,5.68
20040416,5.62
20040419,5.57
20040420,5.46
20040421,5.52
20040422,5.59
20040423,5.53
20040426,5.6
20040427,5.81
20040428,5.8
20040429,5.78
20040430,5.81
20040503,5.8
20040504,6.21
20040505,6.09
20040506,6.22
20040507,6.18
20040510,6.14
20040511,6.24
20040512,6.41
20040513,6.42
20040514,6.43
20040517,6.41
20040518,6.28
20040519,6.18
20040520,6.44
20040521,6.35
20040524,6.48
20040525,6.73
20040526,6.7
20040527,6.51
20040528,6.45
20040601,6.45
20040602,6.51
20040603,6.44
20040604,6.15
20040607,6.09
20040608,6.19
20040609,6.04
20040610,6.0
20040614,6.15
20040615,6.35
20040616,6.38
20040617,6.57
20040618,6.48
20040621,6.42
20040622,6.29
20040623,6.3
20040624,6.41
20040625,6.28
20040628,6.13
20040629,6.02
20040630,6.03
20040701,5.95
20040702,5.88
20040706,6.16
20040707,6.27
20040708,6.19
20040709,5.89
20040712,5.95
20040713,5.85
20040714,5.91
20040715,5.92
20040716,5.77
20040719,5.75
20040720,5.8
20040721,5.9
20040722,5.85
20040723,5.98
20040726,5.94
20040727,5.87
20040728,5.77
20040729,5.93
20040730,6.03
20040802,5.86
20040803,5.77
20040804,5.7
20040805,5.54
20040806,5.42
20040809,5.58
20040810,5.78
20040811,5.64
20040812,5.46
20040813,5.27
20040816,5.34
20040817,5.27
20040818,5.36
20040819,5.34
20040820,5.39
20040823,5.34
20040824,5.23
20040825,5.32
20040826,5.19
20040827,5.05
20040830,5.05
20040831,5.04
20040901,5.02
20040902,4.75
20040903,4.32
20040907,4.41
20040908,4.69
20040909,4.57
20040910,4.57
20040913,5.12
20040914,5.15
20040915,5.17
20040916,4.82
20040917,4.95
20040920,5.22
20040921,5.43
20040922,5.58
20040923,5.58
20040924,5.41
20040927,5.22
20040928,5.45
20040929,6.26
20040930,6.36
20041001,5.38
20041004,5.72
20041005,6.07
20041006,6.0
20041007,6.24
20041008,5.59
20041011,5.63
20041012,5.63
20041013,5.38
20041014,5.76
20041015,5.64
20041018,5.64
20041019,6.13
20041020,7.27
20041021,7.35
20041022,7.11
20041025,7.75
20041026,7.78
20041027,8.12
20041028,6.8
20041029,6.43
20041101,6.98
20041102,6.88
20041103,7.25
20041104,7.4
20041105,6.08
20041108,6.62
20041109,5.79
20041110,6.12
20041111,6.19
20041112,5.9
20041115,6.02
20041116,6.57
20041117,6.06
20041118,5.59
20041119,4.81
20041122,5.24
20041123,5.24
20041124,5.01
20041129,6.76
20041130,6.79
20041201,6.78
20041202,6.69
20041203,6.04
20041206,6.05
20041207,6.03
20041208,5.98
20041209,6.04
20041210,6.29
20041213,6.89
20041214,7.1
20041215,7.04
20041216,6.88
20041217,7.26
20041220,7.14
20041221,6.83
20041222,7.05
20041223,6.98
20041227,6.57
20041228,6.27
20041229,6.18
20041230,6.02
20050103,5.53
20050104,5.71
20050105,5.84
20050106,5.79
20050107,5.82
20050110,6.21
20050111,5.96
20050112,5.89
20050113,6.06
20050114,6.45
20050118,6.69
20050119,6.19
20050120,6.27
20050121,6.43
20050124,6.41
20050125,6.44
20050126,6.44
20050127,6.5
20050128,6.23
20050131,6.14
20050201,6.28
20050202,6.38
20050203,6.32
20050204,6.12
20050207,6.02
20050208,5.95
20050209,6.2
20050210,6.21
20050211,6.02
20050214,5.95
20050215,6.01
20050216,6.1
20050217,6.05
20050218,5.88
20050222,5.92
20050223,6.02
20050224,6.33
20050225,6.24
20050228,6.62
20050301,6.63
20050302,6.61
20050303,6.71
20050304,6.51
20050307,6.66
20050308,6.81
20050309,6.99
20050310,6.91
20050311,6.73
20050314,6.86
20050315,7.16
20050316,7.08
20050317,7.25
20050318,7.12
20050321,7.16
20050322,7.24
20050323,7.11
20050324,7.07
20050328,6.94
20050329,6.93
20050330,7.18
20050331,7.46
20050401,7.57
20050404,7.8
20050405,7.44
20050406,7.46
20050407,7.5
20050408,7.26
20050411,7.17
20050412,7.34
20050413,7.07
20050414,7.02
20050415,6.95
20050418,6.95
20050419,6.95
20050420,7.1
20050421,6.93
20050422,7.06
20050425,7.27
20050426,7.08
20050427,7.1
20050428,6.67
20050429,6.64
20050502,6.5
20050503,6.61
20050504,6.49
20050505,6.65
20050506,6.67
20050509,6.56
20050510,6.67
20050511,6.63
20050512,6.62
20050513,6.47
20050516,6.45
20050517,6.41
20050518,6.5
20050519,6.39
20050520,6.36
20050523,6.33
20050524,6.45
20050525,6.33
20050526,6.3
20050527,6.22
20050531,6.31
20050601,6.36
20050602,6.63
20050603,6.65
20050606,7.05
20050607,7.13
20050608,7.22
20050609,7.05
20050610,7.09
20050613,7.08
20050614,7.32
20050615,7.39
20050616,7.41
20050617,7.61
20050620,7.8
20050621,7.46
20050622,7.39
20050623,7.51
20050624,7.45
20050627,7.29
20050628,7.04
20050629,7.08
20050630,7.01
20050701,7.01
20050705,7.38
20050706,7.69
20050707,7.62
20050708,7.87
20050711,7.35
20050712,7.79
20050713,7.78
20050714,7.99
20050715,8.02
20050718,7.77
20050719,7.7
20050720,7.75
20050721,7.64
20050722,7.41
20050725,7.38
20050726,7.45
20050727,7.52
20050728,7.69
20050729,7.76
20050801,8.03
20050802,8.38
20050803,8.75
20050804,8.55
20050805,8.6
20050808,8.93
20050809,8.7
20050810,8.82
20050811,9.29
20050812,9.59
20050815,9.53
20050816,9.66
20050817,9.99
20050818,9.38
20050819,9.09
20050822,9.44
20050823,9.96
20050824,10.02
20050825,9.77
20050826,9.86
20050829,9.86
20050830,12.36
20050831,12.69
20050901,11.36
20050902,11.75
20050906,11.56
20050907,11.03
20050908,10.92
20050909,11.03
20050912,10.68
20050913,10.71
20050914,10.8
20050915,11.24
20050916,11.25
20050919,11.99
20050920,12.76
20050921,14.26
20050922,14.84
20051007,13.67
20051010,13.29
20051011,13.67
20051012,13.77
20051013,13.48
20051014,12.8
20051017,13.89
20051018,13.41
20051019,13.52
20051020,13.24
20051021,12.73
20051024,12.95
20051025,13.9
20051026,14.68
20051027,13.9
20051028,13.1
20051031,12.18
20051101,10.8
20051102,10.85
20051103,10.79
20051104,9.67
20051107,8.77
20051108,9.15
20051109,9.31
20051110,9.66
20051111,9.2
20051114,9.15
20051115,9.21
20051116,11.03
20051117,11.92
20051118,10.01
20051121,10.48
20051122,11.15
20051123,11.02
20051128,11.01
20051129,11.17
20051130,11.73
20051201,12.58
20051202,12.95
20051205,14.27
20051206,13.57
20051207,13.95
20051208,14.25
20051209,15.02
20051212,14.82
20051213,15.39
20051214,14.81
20051215,14.07
20051216,13.36
20051219,13.73
20051220,13.79
20051221,13.56
20051222,13.03
20051223,11.17
20051227,10.22
20051228,9.9
20051229,10.07
20051230,9.52
20060103,9.9
20060104,9.25
20060105,9.24
20060106,9.3
20060109,8.79
20060110,8.6
20060111,8.55
20060112,8.7
20060113,8.5
20060117,8.82
20060118,8.86
20060119,8.21
20060120,8.8
20060123,8.29
20060124,8.27
20060125,8.5
20060126,7.86
20060127,8.19
20060130,8.36
20060131,8.73
20060201,8.71
20060202,8.01
20060203,8.01
20060206,8.24
20060207,7.74
20060208,7.88
20060209,7.55
20060210,7.57
20060213,7.36
20060214,7.03
20060215,7.31
20060216,7.16
20060217,7.39
20060221,7.4
20060222,7.55
20060223,7.23
20060224,7.39
20060227,6.97
20060228,6.69
20060301,6.62
20060302,6.69
20060303,6.59
20060306,6.5
20060307,6.53
20060308,6.47
20060309,6.31
20060310,6.4
20060313,6.77
20060314,7.15
20060315,7.1
20060316,7.12
20060317,7.17
20060320,7.0
20060321,6.83
20060322,7.06
20060323,7.16
20060324,7.43
20060327,7.05
20060328,7.15
20060329,7.16
20060330,7.19
20060331,6.98
20060403,7.08
20060404,7.04
20060405,6.89
20060406,7.06
20060407,6.81
20060410,6.83
20060411,6.99
20060412,6.78
20060413,6.64
20060417,7.22
20060418,7.6
20060419,7.72
20060420,7.95
20060421,7.65
20060424,7.73
20060425,7.37
20060426,7.17
20060427,6.94
20060428,6.64
20060501,6.53
20060502,6.68
20060503,6.56
20060504,6.47
20060505,6.8
20060508,6.54
20060509,6.55
20060510,6.5
20060511,6.8
20060512,6.35
20060515,5.92
20060516,5.99
20060517,6.15
20060518,5.79
20060519,5.77
20060522,5.91
20060523,6.27
20060524,6.01
20060525,5.85
20060526,5.78
20060530,6.2
20060531,5.97
20060601,6.25
20060602,6.23
20060605,6.4
20060606,6.16
20060607,5.82
20060608,5.84
20060609,6.1
20060612,6.02
20060613,5.95
20060614,6.08
20060615,6.43
20060616,7.03
20060619,6.71
20060620,6.62
20060621,6.5
20060622,6.51
20060623,6.14
20060626,5.89
20060627,5.97
20060628,6.04
20060629,6.09
20060630,5.84
20060705,5.7
20060706,5.28
20060707,5.18
20060710,5.32
20060711,5.51
20060712,5.66
20060713,5.92
20060714,6.28
20060717,6.27
20060718,6.02
20060719,5.89
20060720,6.14
20060721,5.9
20060724,6.33
20060725,6.78
20060726,6.71
20060727,7.03
20060728,7.24
20060731,8.04
20060801,8.66
20060802,8.65
20060803,7.61
20060804,7.44
20060807,6.97
20060808,7.06
20060809,7.6
20060810,7.95
20060811,7.56
20060814,6.89
20060815,6.9
20060816,7.01
20060817,6.73
20060818,6.66
20060821,6.72
20060822,6.86
20060823,7.19
20060824,7.22
20060825,7.48
20060828,6.51
20060829,6.24
20060830,6.4
20060831,5.8
20060901,5.24
20060905,5.45
20060906,5.7
20060907,5.64
20060908,5.31
20060911,5.29
20060912,5.57
20060913,5.4
20060914,5.09
20060915,4.4
20060918,5.02
20060919,4.99
20060920,4.87
20060921,4.65
20060922,4.47
20060925,4.31
20060926,4.36
20060927,4.35
20060928,4.15
20060929,3.66
20061002,4.11
20061003,4.01
20061004,4.38
20061005,4.69
20061006,4.41
20061009,5.06
20061010,5.16
20061011,5.66
20061012,5.17
20061013,4.3
20061016,5.13
20061017,6.26
20061018,6.07
20061019,6.77
20061020,6.88
20061023,7.29
20061024,7.13
20061025,7.2
20061026,7.91
20061027,7.41
20061030,6.99
20061031,6.64
20061101,7.15
20061102,7.32
20061103,7.43
20061106,6.72
20061107,6.59
20061108,7.39
20061109,7.35
20061110,7.16
20061113,7.26
20061114,7.42
20061115,7.45
20061116,7.59
20061117,7.23
20061120,7.79
20061121,7.57
20061122,7.42
20061127,7.58
20061128,7.61
20061129,7.74
20061130,8.32
20061201,8.42
20061204,7.84
20061205,7.32
20061206,7.32
20061207,7.61
20061208,7.45
20061211,6.81
20061212,6.93
20061213,7.21
20061214,7.26
20061215,6.82
20061218,6.62
20061219,6.27
20061220,6.43
20061221,6.09
20061222,5.88
20061226,5.72
20061227,5.54
20061228,5.63
20061229,5.5
20070102,5.4
20070103,5.47
20070104,5.6
20070105,5.52
20070108,6.02
20070109,6.15
20070110,6.42
20070111,6.09
20070112,5.97
20070116,6.82
20070117,6.57
20070118,6.29
20070119,6.4
20070122,7.2
20070123,7.53
20070124,7.58
20070125,7.18
20070126,6.95
20070129,7.35
20070130,7.32
20070131,7.76
20070201,7.93
20070202,8.17
20070205,9.14
20070206,8.29
20070207,7.9
20070208,8.06
20070209,8.16
20070212,7.78
20070213,8.09
20070214,8.9
20070215,8.91
20070216,8.45
20070220,7.34
20070221,7.51
20070222,7.47
20070223,7.53
20070226,7.73
20070227,7.44
20070228,7.23
20070301,7.07
20070302,7.22
20070305,7.36
20070306,7.55
20070307,7.5
20070308,7.14
20070309,7.05
20070312,6.81
20070313,6.78
20070314,6.86
20070315,7.02
20070316,6.84
20070319,6.7
20070320,6.81
20070321,6.82
20070322,7.07
20070323,7.16
20070326,7.15
20070327,7.15
20070328,7.47
20070329,7.34
20070330,7.5
20070402,7.62
20070403,7.57
20070404,7.46
20070405,7.53
20070409,7.65
20070410,7.65
20070411,7.97
20070412,7.95
20070413,7.93
20070416,7.66
20070417,7.5
20070418,7.54
20070419,7.54
20070420,7.32
20070423,7.24
20070424,7.57
20070425,7.6
20070426,7.56
20070427,7.44
20070430,7.71
20070501,7.64
20070502,7.64
20070503,7.58
20070504,7.82
20070507,7.69
20070508,7.5
20070509,7.46
20070510,7.63
20070511,7.53
20070514,7.85
20070515,7.68
20070516,7.62
20070517,7.69
20070518,7.87
20070521,7.66
20070522,7.6
20070523,7.51
20070524,7.56
20070525,7.47
20070529,7.51
20070530,7.71
20070531,7.8
20070601,7.57
20070604,7.73
20070605,7.83
20070606,7.83
20070607,7.89
20070608,7.52
20070611,7.42
20070612,7.45
20070613,7.6
20070614,7.48
20070615,7.58
20070618,7.69
20070619,7.46
20070620,7.39
20070621,7.24
20070622,7.04
20070625,6.77
20070626,6.85
20070627,6.74
20070628,6.79
20070629,6.4
20070702,6.24
20070703,6.37
20070705,6.3
20070706,6.15
20070709,6.39
20070710,6.44
20070711,6.66
20070712,6.26
20070713,6.27
20070716,6.32
20070717,6.34
20070718,6.23
20070719,6.5
20070720,6.46
20070723,6.0
20070724,5.66
20070725,5.56
20070726,5.83
20070727,5.77
20070730,6.31
20070731,6.53
20070801,6.19
20070802,6.34
20070803,6.11
20070806,6.1
20070807,6.38
20070808,6.24
20070809,6.45
20070810,6.57
20070813,7.15
20070814,6.86
20070815,7.3
20070816,6.96
20070817,7.14
20070820,6.47
20070821,5.92
20070822,5.84
20070823,5.73
20070824,5.69
20070827,5.34
20070828,5.56
20070829,5.64
20070830,5.54
20070831,5.49
20070904,5.3
20070905,5.8
20070906,6.02
20070907,5.53
20070910,5.56
20070911,5.98
20070912,6.13
20070913,6.27
20070914,6.23
20070917,6.38
20070918,6.42
20070919,6.25
20070920,6.02
20070921,5.96
20070924,6.12
20070925,6.54
20070926,6.47
20070927,6.38
20070928,6.15
20071001,6.07
20071002,6.55
20071003,6.96
20071004,6.91
20071005,6.77
20071008,6.69
20071009,6.63
20071010,6.79
20071011,6.85
20071012,6.46
20071015,7.09
20071016,7.29
20071017,7.12
20071018,7.11
20071019,6.91
20071022,6.63
20071023,6.3
20071024,6.11
20071025,6.49
20071026,6.43
20071029,6.66
20071030,6.99
20071031,7.28
20071101,7.09
20071102,6.63
20071105,6.71
20071106,7.2
20071107,7.42
20071108,6.81
20071109,6.59
20071112,6.83
20071113,7.22
20071114,7.28
20071115,7.35
20071116,7.29
20071119,7.38
20071120,6.81
20071121,6.67
20071123,6.67
20071126,7.53
20071127,7.42
20071128,7.51
20071129,7.45
20071130,7.29
20071203,6.97
20071204,7.27
20071205,7.04
20071206,7.29
20071207,7.04
20071210,6.98
20071211,7.12
20071212,7.22
20071213,7.46
20071214,7.09
20071217,7.06
20071218,7.16
20071219,7.18
20071220,7.19
20071221,7.03
20071224,7.03
20071226,6.94
20071227,6.8
20071228,7.11
20071231,7.11
20080102,7.83
20080103,7.84
20080104,7.51
20080107,7.61
20080108,7.59
20080109,7.89
20080110,7.96
20080111,8.13
20080114,8.45
20080115,8.43
20080116,8.23
20080117,8.1
20080118,8.42
20080122,7.97
20080123,7.84
20080124,7.85
20080125,7.8
20080128,7.87
20080129,8.1
20080130,8.17
20080131,8.1
20080201,7.88
20080204,7.56
20080205,7.8
20080206,7.94
20080207,7.99
20080208,8.06
20080211,8.38
20080212,8.37
20080213,8.35
20080214,8.5
20080215,8.73
20080219,8.91
20080220,9.08
20080221,8.9
20080222,8.65
20080225,9.15
20080226,9.21
20080227,9.21
20080228,9.11
20080229,9.1
20080303,9.07
20080304,9.21
20080305,9.37
20080306,9.7
20080307,9.82
20080310,9.59
20080311,9.85
20080312,9.69
20080313,9.74
20080314,9.84
20080317,9.59
20080318,9.1
20080319,9.11
20080320,8.54
20080324,8.99
20080325,9.28
20080326,9.25
20080327,9.3
20080328,9.36
20080331,9.86
20080401,9.92
20080402,9.6
20080403,9.68
20080404,9.36
20080407,9.48
20080408,9.78
20080409,9.88
20080410,10.18
20080411,10.07
20080414,10.03
20080415,10.16
20080416,10.11
20080417,10.27
20080418,10.08
20080421,10.5
20080422,10.56
20080423,10.33
20080424,10.58
20080425,10.72
20080428,10.95
20080429,10.94
20080430,10.81
20080501,10.66
20080502,10.37
20080505,10.77
20080506,11.09
20080507,11.08
20080508,11.33
20080509,11.29
20080512,11.38
20080513,11.18
20080514,11.52
20080515,11.41
20080516,11.31
20080519,11.1
20080520,10.94
20080521,11.4
20080522,11.57
20080523,11.56
20080527,11.85
20080528,11.6
20080529,11.81
20080530,11.43
20080602,11.8
20080603,12.27
20080604,12.17
20080605,12.49
20080606,12.71
20080609,12.71
20080610,12.72
20080611,12.49
20080612,12.51
20080613,12.51
20080616,12.73
20080617,12.87
20080618,12.93
20080619,13.09
20080620,12.76
20080623,12.92
20080624,12.96
20080625,12.76
20080626,12.7
20080627,13.1
20080630,13.19
20080701,13.28
20080702,13.31
20080703,13.0
20080707,12.96
20080708,12.47
20080709,12.1
20080710,11.83
20080711,12.15
20080714,11.58
20080715,11.79
20080716,11.15
20080717,11.43
20080718,10.54
20080721,10.58
20080722,10.16
20080723,9.88
20080724,9.7
20080725,9.34
20080728,9.26
20080729,9.17
20080730,9.01
20080731,9.26
20080801,9.05
20080804,9.2
20080805,8.66
20080806,8.7
20080807,8.77
20080808,8.22
20080811,8.18
20080812,8.23
20080813,8.11
20080814,8.15
20080815,7.82
20080818,7.74
20080819,7.73
20080820,8.02
20080821,8.04
20080822,7.98
20080825,7.63
20080826,8.02
20080827,8.54
20080828,8.36
20080829,8.24
20080902,8.24
20080903,7.26
20080904,7.24
20080905,7.4
20080908,7.68
20080909,7.28
20080910,7.65
20080911,7.83
20080912,8.02
20080915,8.02
20080916,7.76
20080917,7.72
20080918,8.26
20080919,7.79
20080922,7.66
20080923,7.84
20080924,8.15
20080925,7.63
20080926,7.42
20080929,7.13
20080930,7.17
20081001,7.41
20081002,7.64
20081003,7.16
20081006,6.87
20081007,6.74
20081008,6.58
20081009,6.69
20081010,6.52
20081013,6.62
20081014,6.74
20081015,6.64
20081016,6.65
20081017,6.76
20081020,6.98
20081021,6.76
20081022,6.94
20081023,6.77
20081024,6.29
20081027,6.27
20081028,6.4
20081029,6.58
20081030,6.75
20081031,6.18
20081103,6.45
20081104,6.79
20081105,6.94
20081106,7.04
20081107,6.6
20081110,7.07
20081111,7.02
20081112,6.65
20081113,6.31
20081114,6.33
20081117,6.55
20081118,6.74
20081119,6.76
20081120,6.76
20081121,6.56
20081124,6.85
20081125,6.71
20081126,6.43
20081128,6.43
20081201,6.48
20081202,6.68
20081203,6.48
20081204,6.55
20081205,5.99
20081208,5.73
20081209,5.57
20081210,5.67
20081211,5.86
20081212,5.56
20081215,5.75
20081216,5.75
20081217,5.79
20081218,5.63
20081219,5.66
20081222,5.39
20081223,5.37
20081224,5.44
20081226,5.44
20081229,5.81
20081230,5.71
20081231,5.63
20090102,5.41
20090105,5.83
20090106,6.1
20090107,5.89
20090108,5.96
20090109,5.6
20090112,5.59
20090113,5.7
20090114,5.47
20090115,5.27
20090116,5.09
20090120,4.86
20090121,4.87
20090122,4.72
20090123,4.75
20090126,4.62
20090127,4.76
20090128,4.84
20090129,4.71
20090130,4.77
20090202,4.48
20090203,5.04
20090204,5.01
20090205,4.84
20090206,4.67
20090209,4.76
20090210,4.84
20090211,4.68
20090212,4.73
20090213,4.6
20090217,4.35
20090218,4.35
20090219,4.46
20090220,4.21
20090223,4.23
20090224,4.21
20090225,4.2
20090226,4.08
20090227,4.04
20090302,4.36
20090303,4.43
20090304,4.23
20090305,4.22
20090306,3.93
20090309,3.86
20090310,3.88
20090311,3.92
20090312,3.87
20090313,3.9
20090316,3.78
20090317,3.78
20090318,3.75
20090319,3.68
20090320,3.99
20090323,4.17
20090324,4.13
20090325,4.13
20090326,4.16
20090327,3.73
20090330,3.63
20090331,3.58
20090401,3.56
20090402,3.69
20090403,3.66
20090406,3.74
20090407,3.6
20090408,3.5
20090409,3.59
20090413,3.46
20090414,3.59
20090415,3.6
20090416,3.54
20090417,3.47
20090420,3.55
20090421,3.43
20090422,3.48
20090423,3.46
20090424,3.31
20090427,3.19
20090428,3.29
20090429,3.43
20090430,3.25
20090501,3.3
20090504,3.47
20090505,3.62
20090506,3.67
20090507,3.96
20090508,4.16
20090511,4.24
20090512,4.41
20090513,4.42
20090514,4.1
20090515,4.05
20090518,4.02
20090519,3.99
20090520,3.75
20090521,3.77
20090522,3.41
20090526,3.35
20090527,3.49
20090528,3.55
20090529,3.92
20090601,3.86
20090602,4.05
20090603,3.81
20090604,3.58
20090605,3.51
20090608,3.53
20090609,3.53
20090610,3.56
20090611,3.51
20090612,3.54
20090615,3.8
20090616,4.16
20090617,3.99
20090618,4.19
20090619,4.04
20090622,4.01
20090623,3.91
20090624,3.8
20090625,3.82
20090626,3.81
20090629,3.88
20090630,3.72
20090701,3.63
20090702,3.49
20090706,3.24
20090707,3.3
20090708,3.22
20090709,3.36
20090710,3.24
20090713,3.17
20090714,3.29
20090715,3.37
20090716,3.21
20090717,3.39
20090720,3.49
20090721,3.48
20090722,3.49
20090723,3.66
20090724,3.37
20090727,3.46
20090728,3.49
20090729,3.41
20090730,3.34
20090731,3.34
20090803,3.43
20090804,3.53
20090805,3.61
20090806,3.78
20090807,3.57
20090810,3.55
20090811,3.54
20090812,3.36
20090813,3.34
20090814,3.18
20090817,3.11
20090818,3.12
20090819,3.03
20090820,3.03
20090821,2.78
20090824,2.69
20090825,2.85
20090826,2.76
20090827,2.76
20090828,2.52
20090831,2.42
20090901,2.36
20090902,2.25
20090903,2.06
20090904,1.83
20090908,2.43
20090909,2.72
20090910,2.68
20090911,2.94
20090914,2.84
20090915,3.21
20090916,3.28
20090917,3.5
20090918,3.21
20090921,3.35
20090922,3.37
20090923,3.43
20090924,3.56
20090925,3.61
20090928,3.54
20090929,3.3
20090930,3.25
20091001,2.91
20091002,2.32
20091005,2.89
20091006,3.23
20091007,3.7
20091008,4.24
20091009,3.92
20091012,3.96
20091013,4.03
20091014,3.82
20091015,3.88
20091016,3.94
20091019,4.22
20091020,4.6
20091021,4.8
20091022,4.98
20091023,4.88
20091026,4.52
20091027,4.52
20091028,4.59
20091029,4.11
20091030,4.11
20091102,4.32
20091103,4.33
20091104,4.49
20091105,4.3
20091106,3.95
20091109,3.78
20091110,3.76
20091111,3.59
20091112,3.24
20091113,2.51
20091116,2.65
20091117,3.47
20091118,3.74
20091119,3.57
20091120,3.09
20091123,3.79
20091124,3.63
20091125,3.32
20091127,3.32
20091130,4.41
20091201,4.3
20091202,4.67
20091203,4.57
20091204,4.53
20091207,4.78
20091208,5.1
20091209,5.27
20091210,5.02
20091211,5.21
20091214,5.41
20091215,5.53
20091216,5.57
20091217,5.65
20091218,5.87
20091221,5.79
20091222,5.56
20091223,5.55
20091224,5.75
20091228,5.91
20091229,6.01
20091230,5.78
20091231,5.82
20100104,6.09
20100105,6.19
20100106,6.47
20100107,7.51
20100108,6.56
20100111,5.77
20100112,5.57
20100113,5.61
20100114,5.77
20100115,5.66
20100119,5.51
20100120,5.54
20100121,5.52
20100122,5.67
20100125,5.76
20100126,5.61
20100127,5.42
20100128,5.32
20100129,5.26
20100201,5.3
20100202,5.47
20100203,5.51
20100204,5.47
20100205,5.61
20100208,5.73
20100209,5.54
20100210,5.48
20100211,5.53
20100212,5.48
20100216,5.65
20100217,5.47
20100218,5.4
20100219,5.1
20100222,4.92
20100223,4.91
20100224,4.91
20100225,4.84
20100226,4.76
20100301,4.83
20100302,4.78
20100303,4.76
20100304,4.78
20100305,4.56
20100308,4.47
20100309,4.51
20100310,4.44
20100311,4.47
20100312,4.35
20100315,4.29
20100316,4.38
20100317,4.27
20100318,4.19
20100319,4.01
20100322,4.02
20100323,4.08
20100324,4.02
20100325,4.01
20100326,3.92
20100329,3.83
20100330,3.79
20100331,3.93
20100401,3.72
20100405,3.93
20100406,4.16
20100407,4.08
20100408,3.92
20100409,3.9
20100412,4.04
20100413,3.97
20100414,4.15
20100415,4.16
20100416,3.97
20100419,4.02
20100420,3.93
20100421,3.96
20100422,3.95
20100423,4.07
20100426,4.23
20100427,4.18
20100428,4.19
20100429,4.24
20100430,3.94
20100503,3.86
20100504,3.96
20100505,4.0
20100506,3.97
20100507,3.91
20100510,4.08
20100511,4.15
20100512,4.18
20100513,4.26
20100514,4.27
20100517,4.34
20100518,4.42
20100519,4.28
20100520,4.12
20100521,4.12
20100524,4.08
20100525,4.08
20100526,4.19
20100527,4.22
20100528,4.31
20100601,4.39
20100602,4.32
20100603,4.46
20100604,4.6
20100607,4.67
20100608,4.89
20100609,4.75
20100610,4.68
20100611,4.68
20100614,4.94
20100615,5.11
20100616,5.13
20100617,5.14
20100618,5.17
20100621,5.15
20100622,4.87
20100623,4.9
20100624,4.88
20100625,4.84
20100628,4.85
20100629,4.68
20100630,4.53
20100701,4.54
20100702,4.72
20100706,4.85
20100707,4.76
20100708,4.61
20100709,4.36
20100712,4.42
20100713,4.46
20100714,4.39
20100715,4.43
20100716,4.68
20100719,4.56
20100720,4.59
20100721,4.7
20100722,4.67
20100723,4.69
20100726,4.65
20100727,4.72
20100728,4.75
20100729,4.8
20100730,4.81
20100802,4.94
20100803,4.78
20100804,4.77
20100805,4.84
20100806,4.67
20100809,4.52
20100810,4.43
20100811,4.38
20100812,4.42
20100813,4.35
20100816,4.37
20100817,4.28
20100818,4.35
20100819,4.29
20100820,4.19
20100823,4.12
20100824,4.07
20100825,3.99
20100826,3.85
20100827,3.75
20100830,3.77
20100831,3.8
20100901,3.73
20100902,3.74
20100903,3.74
20100907,3.82
20100908,3.81
20100909,3.79
20100910,3.79
20100913,3.83
20100914,3.98
20100915,4.06
20100916,4.09
20100917,4.11
20100920,4.01
20100921,3.95
20100922,4.02
20100923,4.08
20100924,3.97
20100927,3.8
20100928,3.8
20100929,3.81
20100930,3.85
20101001,3.67
20101004,3.56
20101005,3.51
20101006,3.56
20101007,3.62
20101008,3.36
20101011,3.43
20101012,3.4
20101013,3.58
20101014,3.58
20101015,3.47
20101018,3.36
20101019,3.36
20101020,3.46
20101021,3.46
20101022,3.19
20101025,3.18
20101026,3.28
20101027,3.37
20101028,3.36
20101029,3.36
20101101,3.42
20101102,3.2
20101103,3.35
20101104,3.53
20101105,3.47
20101108,3.49
20101109,3.76
20101110,4.0
20101111,3.73
20101112,3.5
20101115,3.56
20101116,3.66
20101117,3.77
20101118,3.89
20101119,3.79
20101122,4.02
20101123,3.93
20101124,3.82
20101126,3.82
20101129,4.12
20101130,4.16
20101201,4.21
20101202,4.28
20101203,4.23
20101206,4.47
20101207,4.48
20101208,4.47
20101209,4.52
20101210,4.37
20101213,4.55
20101214,4.35
20101215,4.22
20101216,4.19
20101217,3.99
20101220,4.1
20101221,4.17
20101222,4.01
20101223,4.08
20101227,4.05
20101228,4.1
20101229,4.19
20101230,4.22
20101231,4.22
20110103,4.54
20110104,4.61
20110105,4.52
20110106,4.49
20110107,4.42
20110110,4.49
20110111,4.42
20110112,4.55
20110113,4.48
20110114,4.38
20110118,4.52
20110119,4.48
20110120,4.57
20110121,4.72
20110124,4.72
20110125,4.46
20110126,4.4
20110127,4.41
20110128,4.27
20110131,4.42
20110201,4.42
20110202,4.55
20110203,4.69
20110204,4.48
20110207,4.32
20110208,4.24
20110209,4.22
20110210,4.11
20110211,3.96
20110214,3.89
20110215,3.92
20110216,3.93
20110217,3.9
20110218,3.84
20110222,3.89
20110223,3.83
20110224,3.83
20110225,3.81
20110228,3.93
20110301,3.93
20110302,3.79
20110303,3.75
20110304,3.7
20110307,3.73
20110308,3.83
20110309,3.81
20110310,3.87
20110311,3.78
20110314,3.9
20110315,3.81
20110316,3.86
20110317,3.85
20110318,3.98
20110321,3.99
20110322,4.05
20110323,4.18
20110324,4.27
20110325,4.13
20110328,4.35
20110329,4.27
20110330,4.25
20110331,4.32
20110401,4.32
20110404,4.21
20110405,4.22
20110406,4.17
20110407,4.12
20110408,4.05
20110411,4.05
20110412,4.08
20110413,4.14
20110414,4.12
20110415,4.21
20110418,4.23
20110419,4.19
20110420,4.33
20110421,4.33
20110425,4.37
20110426,4.32
20110427,4.35
20110428,4.38
20110429,4.51
20110502,4.6
20110503,4.6
20110504,4.59
20110505,4.49
20110506,4.24
20110509,4.28
20110510,4.19
20110511,4.23
20110512,4.1
20110513,4.09
20110516,4.21
20110517,4.25
20110518,4.15
20110519,4.1
20110520,4.05
20110523,4.27
20110524,4.37
20110525,4.36
20110526,4.37
20110527,4.36
20110531,4.63
20110601,4.62
20110602,4.64
20110603,4.72
20110606,4.83
20110607,4.83
20110608,4.83
20110609,4.92
20110610,4.72
20110613,4.75
20110614,4.59
20110615,4.53
20110616,4.54
20110617,4.39
20110620,4.33
20110621,4.37
20110622,4.42
20110623,4.31
20110624,4.2
20110627,4.25
20110628,4.34
20110629,4.4
20110630,4.28
20110701,4.33
20110705,4.4
20110706,4.34
20110707,4.25
20110708,4.19
20110711,4.35
20110712,4.38
20110713,4.43
20110714,4.42
20110715,4.49
20110718,4.6
20110719,4.6
20110720,4.64
20110721,4.58
20110722,4.46
20110725,4.45
20110726,4.43
20110727,4.46
20110728,4.41
20110729,4.26
20110801,4.29
20110802,4.3
20110803,4.26
20110804,4.2
20110805,4.0
20110808,4.0
20110809,4.06
20110810,4.09
20110811,4.06
20110812,4.17
20110815,4.05
20110816,4.03
20110817,3.98
20110818,3.98
20110819,3.99
20110822,3.97
20110823,4.01
20110824,4.1
20110825,4.01
20110826,3.96
20110829,3.93
20110830,3.85
20110831,3.97
20110901,4.18
20110902,4.12
20110906,3.93
20110907,3.96
20110908,3.99
20110909,3.96
20110912,3.92
20110913,3.96
20110914,4.01
20110915,4.04
20110916,3.84
20110919,3.78
20110920,3.84
20110921,3.78
20110922,3.72
20110923,3.74
20110926,3.8
20110927,3.92
20110928,3.88
20110929,3.77
20110930,3.68
20111003,3.57
20111004,3.56
20111005,3.63
20111006,3.49
20111007,3.4
20111010,3.41
20111011,3.52
20111012,3.54
20111013,3.42
20111014,3.49
20111017,3.72
20111018,3.63
20111019,3.59
20111020,3.61
20111021,3.54
20111024,3.61
20111025,3.62
20111026,3.65
20111027,3.59
20111028,3.63
20111031,3.66
20111101,3.49
20111102,3.39
20111103,3.39
20111104,3.44
20111107,3.35
20111108,3.42
20111109,3.55
20111110,3.48
20111111,3.29
20111114,3.17
20111115,3.12
20111116,3.11
20111117,3.11
20111118,3.01
20111121,2.94
20111122,3.06
20111123,2.84
20111125,2.84
20111128,3.09
20111129,3.39
20111130,3.53
20111201,3.49
20111202,3.35
20111205,3.38
20111206,3.43
20111207,3.45
20111208,3.42
20111209,3.29
20111212,3.13
20111213,3.12
20111214,3.08
20111215,3.05
20111216,3.01
20111219,3.03
20111220,3.06
20111221,3.05
20111222,3.08
20111223,2.97
20111227,3.09
20111228,3.07
20111229,3.03
20111230,2.98
20120103,2.97
20120104,2.96
20120105,2.91
20120106,2.85
20120109,2.89
20120110,2.97
20120111,2.81
20120112,2.7
20120113,2.67
20120117,2.51
20120118,2.49
20120119,2.36
20120120,2.23
20120123,2.39
20120124,2.6
20120125,2.61
20120126,2.68
20120127,2.59
20120130,2.71
20120131,2.51
20120201,2.32
20120202,2.3
20120203,2.4
20120206,2.46
20120207,2.6
20120208,2.48
20120209,2.5
20120210,2.51
20120213,2.42
20120214,2.48
20120215,2.54
20120216,2.47
20120217,2.67
20120221,2.63
20120222,2.6
20120223,2.68
20120224,2.6
20120227,2.55
20120228,2.44
20120229,2.44
20120301,2.45
20120302,2.38
20120305,2.31
20120306,2.3
20120307,2.24
20120308,2.24
20120309,2.21
20120312,2.17
20120313,2.15
20120314,2.13
20120315,2.07
20120316,2.01
20120319,2.14
20120320,2.19
20120321,2.21
20120322,2.19
20120323,2.07
20120326,2.16
20120327,2.09
20120328,2.05
20120329,2.02
20120330,2.0
20120402,1.88
20120403,1.94
20120404,2.06
20120405,1.98
20120409,1.99
20120410,1.99
20120411,1.91
20120412,1.87
20120413,1.87
20120416,1.88
20120417,1.89
20120418,1.87
20120419,1.85
20120420,1.82
20120423,1.89
20120424,1.97
20120425,1.99
20120426,2.1
20120427,2.05
20120430,2.1
20120501,2.29
20120502,2.31
20120503,2.29
20120504,2.3
20120507,2.3
20120508,2.27
20120509,2.36
20120510,2.36
20120511,2.37
20120514,2.41
20120515,2.38
20120516,2.5
20120517,2.6
20120518,2.56
20120521,2.6
20120522,2.55
20120523,2.6
20120524,2.66
20120525,2.56
20120529,2.5
20120530,2.39
20120531,2.34
20120601,2.24
20120604,2.32
20120605,2.39
20120606,2.41
20120607,2.33
20120608,2.22
20120611,2.22
20120612,2.17
20120613,2.18
20120614,2.2
20120615,2.44
20120618,2.45
20120619,2.59
20120620,2.6
20120621,2.48
20120622,2.5
20120625,2.7
20120626,2.7
20120627,2.87
20120628,2.81
20120629,2.74
20120702,2.73
20120703,2.78
20120705,2.9
20120706,2.94
20120709,2.79
20120710,2.87
20120711,2.72
20120712,2.83
20120713,2.88
20120716,2.92
20120717,2.83
20120718,2.84
20120719,2.99
20120720,3.03
20120723,3.05
20120724,3.16
20120725,3.19
20120726,3.13
20120727,3.1
20120730,3.14
20120731,3.2
20120801,3.2
20120802,3.16
20120803,2.91
20120806,2.9
20120807,2.99
20120808,2.97
20120809,2.89
20120810,2.84
20120813,2.77
20120814,2.79
20120815,2.82
20120816,2.78
20120817,2.7
20120820,2.75
20120821,2.8
20120822,2.8
20120823,2.81
20120824,2.81
20120827,2.8
20120828,2.71
20120829,2.64
20120830,2.72
20120831,2.72
20120904,2.81
20120905,2.87
20120906,2.85
20120907,2.73
20120910,2.66
20120911,2.82
20120912,2.96
20120913,3.01
20120914,2.94
20120917,2.83
20120918,2.74
20120919,2.7
20120920,2.76
20120921,2.76
20120924,2.82
20120925,2.84
20120926,2.92
20120927,3.01
20120928,3.08
20121001,3.19
20121002,3.21
20121003,3.21
20121004,3.23
20121005,3.26
20121008,3.18
20121009,3.18
20121010,3.26
20121011,3.28
20121012,3.38
20121015,3.35
20121016,3.27
20121017,3.24
20121018,3.28
20121019,3.43
20121022,3.49
20121023,3.34
20121024,3.43
20121025,3.39
20121026,3.38
20121029,3.4
20121030,3.42
20121031,3.5
20121101,3.5
20121102,3.4
20121105,3.34
20121106,3.41
20121107,3.47
20121108,3.45
20121109,3.33
20121112,3.4
20121113,3.57
20121114,3.66
20121115,3.63
20121116,3.46
20121119,3.63
20121120,3.62
20121121,3.59
20121123,3.59
20121126,3.75
20121127,3.77
20121128,3.71
20121129,3.61
20121130,3.46
20121203,3.44
20121204,3.38
20121205,3.41
20121206,3.48
20121207,3.33
20121210,3.35
20121211,3.39
20121212,3.33
20121213,3.27
20121214,3.15
20121217,3.2
20121218,3.29
20121219,3.25
20121220,3.35
20121221,3.42
20121224,3.3
20121226,3.35
20121227,3.31
20121228,3.4
20121231,3.43
20130102,3.3
20130103,3.19
20130104,3.2
20130107,3.3
20130108,3.21
20130109,3.14
20130110,3.08
20130111,3.18
20130114,3.39
20130115,3.4
20130116,3.43
20130117,3.44
20130118,3.54
20130122,3.63
20130123,3.53
20130124,3.56
20130125,3.42
20130128,3.25
20130129,3.14
20130130,3.24
20130131,3.33
20130201,3.34
20130204,3.27
20130205,3.34
20130206,3.41
20130207,3.39
20130208,3.26
20130211,3.2
20130212,3.3
20130213,3.29
20130214,3.3
20130215,3.19
20130219,3.23
20130220,3.34
20130221,3.29
20130222,3.27
20130225,3.42
20130226,3.46
20130227,3.49
20130228,3.48
20130301,3.54
20130304,3.53
20130305,3.63
20130306,3.57
20130307,3.54
20130308,3.57
20130311,3.64
20130312,3.71
20130313,3.72
20130314,3.74
20130315,3.89
20130318,3.98
20130319,3.96
20130320,3.97
20130321,4.01
20130322,4.01
20130325,4.08
20130326,3.99
20130327,4.08
20130328,4.03
20130401,3.97
20130402,4.07
20130403,4.0
20130404,3.94
20130405,3.98
20130408,4.18
20130409,4.08
20130410,4.07
20130411,4.11
20130412,4.21
20130415,4.23
20130416,4.19
20130417,4.24
20130418,4.23
20130419,4.38
20130422,4.33
20130423,4.27
20130424,4.25
20130425,4.19
20130426,4.16
20130429,4.28
20130430,4.3
20130501,4.31
20130502,4.28
20130503,3.98
20130506,3.93
20130507,3.88
20130508,3.86
20130509,3.87
20130510,3.9
20130513,3.87
20130514,3.93
20130515,4.03
20130516,4.01
20130517,3.89
20130520,4.1
20130521,4.13
20130522,4.16
20130523,4.15
20130524,4.15
20130528,4.19
20130529,4.15
20130530,4.12
20130531,4.02
20130603,4.0
20130604,4.0
20130605,3.99
20130606,3.93
20130607,3.79
20130610,3.85
20130611,3.77
20130612,3.74
20130613,3.73
20130614,3.76
20130617,3.78
20130618,3.9
20130619,3.93
20130620,3.9
20130621,3.85
20130624,3.81
20130625,3.77
20130626,3.72
20130627,3.73
20130628,3.57
20130701,3.52
20130702,3.58
20130703,3.54
20130705,3.52
20130708,3.65
20130709,3.69
20130710,3.69
20130711,3.64
20130712,3.61
20130715,3.67
20130716,3.69
20130717,3.67
20130718,3.66
20130719,3.78
20130722,3.71
20130723,3.68
20130724,3.7
20130725,3.68
20130726,3.59
20130729,3.49
20130730,3.48
20130731,3.46
20130801,3.44
20130802,3.39
20130805,3.33
20130806,3.35
20130807,3.32
20130808,3.27
20130809,3.32
20130812,3.34
20130813,3.34
20130814,3.36
20130815,3.34
20130816,3.35
20130819,3.46
20130820,3.48
20130821,3.51
20130822,3.52
20130823,3.5
20130826,3.55
20130827,3.5
20130828,3.54
20130829,3.58
20130830,3.57
20130903,3.64
20130904,3.68
20130905,3.7
20130906,3.55
20130909,3.62
20130910,3.65
20130911,3.6
20130912,3.57
20130913,3.6
20130916,3.64
20130917,3.77
20130918,3.72
20130919,3.73
20130920,3.68
20130923,3.66
20130924,3.59
20130925,3.52
20130926,3.49
20130927,3.51
20130930,3.48
20131001,3.56
20131002,3.63
20131003,3.58
20131004,3.57
20131007,3.62
20131008,3.72
20131009,3.7
20131010,3.74
20131011,3.74
20131014,3.82
20131015,3.83
20131016,3.84
20131017,3.75
20131018,3.72
20131021,3.77
20131022,3.7
20131023,3.66
20131024,3.65
20131025,3.69
20131028,3.61
20131029,3.57
20131030,3.55
20131031,3.57
20131101,3.45
20131104,3.38
20131105,3.37
20131106,3.46
20131107,3.59
20131108,3.54
20131111,3.62
20131112,3.69
20131113,3.69
20131114,3.52
20131115,3.56
20131118,3.71
20131119,3.63
20131120,3.63
20131121,3.68
20131122,3.78
20131125,3.85
20131126,3.87
20131127,3.87
20131129,3.87
20131202,3.85
20131203,3.84
20131204,3.89
20131205,3.97
20131206,4.15
20131209,4.24
20131210,4.24
20131211,4.24
20131212,4.4
20131213,4.44
20131216,4.21
20131217,4.2
20131218,4.25
20131219,4.25
20131220,4.35
20131223,4.52
20131224,4.52
20131226,4.4
20131227,4.34
20131230,4.41
20131231,4.31
20140102,4.32
20140103,4.39
20140106,4.5
20140107,4.58
20140108,4.36
20140109,4.15
20140110,3.95
20140113,4.19
20140114,4.36
20140115,4.45
20140116,4.55
20140117,4.39
20140121,4.61
20140122,4.92
20140123,5.64
20140124,5.17
20140127,5.66
20140128,5.25
20140129,5.23
20140130,5.27
20140131,5.04
20140203,5.04
20140204,5.78
20140205,8.12
20140206,6.9
20140207,5.92
20140210,8.15
20140211,7.75
20140212,5.96
20140213,5.34
20140214,5.54
20140218,5.8
20140219,6.0
20140220,5.96
20140221,6.24
20140224,6.08
20140225,5.21
20140226,4.81
20140227,4.61
20140228,4.8
20140303,7.09
20140304,7.98
20140305,6.46
20140306,4.89
20140307,4.78
20140310,4.67
20140311,4.67
20140312,4.72
20140313,4.41
20140314,4.4
20140317,4.57
20140318,4.42
20140319,4.43
20140320,4.39
20140321,4.33
20140324,4.42
20140325,4.53
20140326,4.44
20140327,4.39
20140328,4.5
20140331,4.48
20140401,4.39
20140402,4.39
20140403,4.51
20140404,4.49
20140407,4.58
20140408,4.57
20140409,4.67
20140410,4.67
20140411,4.67
20140414,4.64
20140415,4.69
20140416,4.64
20140417,4.64
20140421,4.76
20140422,4.76
20140423,4.81
20140424,4.81
20140425,4.83
20140428,4.72
20140429,4.78
20140430,4.79
20140501,4.79
20140502,4.73
20140505,4.73
20140506,4.8
20140507,4.82
20140508,4.77
20140509,4.59
20140512,4.52
20140513,4.47
20140514,4.47
20140515,4.42
20140516,4.42
20140519,4.54
20140520,4.53
20140521,4.57
20140522,4.57
20140523,4.4
20140526,4.4
20140527,4.4
20140528,4.56
20140529,4.63
20140530,4.49
20140602,4.49
20140603,4.62
20140604,4.62
20140605,4.66
20140606,4.66
20140609,4.67
20140610,4.67
20140611,4.51
20140612,4.51
20140613,4.7
20140616,4.71
20140617,4.68
20140618,4.68
20140619,4.67
20140620,4.53
20140623,4.53
20140624,4.49
20140625,4.58
20140626,4.58
20140627,4.39
20140630,4.39
20140701,4.47
20140702,4.47
20140703,4.31
20140707,4.31
20140708,4.18
20140709,4.17
20140710,4.15
20140711,4.13
20140714,4.13
20140715,4.13
20140716,4.16
20140717,4.04
20140718,4.08
20140721,3.87
20140722,3.81
20140723,3.83
20140724,3.83
20140725,3.86
20140728,3.84
20140729,3.79
20140730,3.78
20140731,3.78
20140801,3.77
20140804,3.87
20140805,3.87
20140806,3.92
20140807,3.99
20140808,3.94
20140811,4.0
20140812,3.94
20140813,3.9
20140814,3.85
20140815,3.8
20140818,3.78
20140819,3.84
20140820,3.88
20140821,3.88
20140822,3.88
20140825,3.94
20140826,3.99
20140827,4.02
20140828,4.06
20140829,4.04
20140902,4.01
20140903,3.94
20140904,3.91
20140905,3.86
20140908,3.86
20140909,3.93
20140910,3.98
20140911,3.94
20140912,3.82
20140915,3.92
20140916,3.85
20140917,3.97
20140918,3.99
20140919,3.99
20140922,3.88
20140923,3.9
20140924,3.84
20140925,3.89
20140926,3.89
20140929,3.89
20140930,4.14
20141001,4.14
20141002,4.0
20141003,3.94
20141006,3.89
20141007,3.88
20141008,3.88
20141009,3.87
20141010,3.86
20141013,3.87
20141014,3.91
20141015,3.81
20141016,3.8
20141017,3.73
20141020,3.69
20141021,3.62
20141022,3.69
20141023,3.6
20141024,3.53
20141027,3.56
20141028,3.53
20141029,3.6
20141030,3.76
20141031,3.82
20141103,3.82
20141104,3.67
20141105,3.83
20141106,3.92
20141107,3.92
20141110,4.18
20141111,4.18
20141112,4.2
20141113,4.2
20141114,4.05
20141117,4.26
20141118,4.33
20141119,4.41
20141120,4.41
20141121,4.32
20141124,4.09
20141125,4.09
20141126,4.15
20141128,4.3
20141201,4.3
20141202,3.77
20141203,3.63
20141204,3.63
20141205,3.42
20141208,3.42
20141209,3.63
20141210,3.65
20141211,3.68
20141212,3.91
20141215,3.72
20141216,3.58
20141217,3.72
20141218,3.71
20141219,3.71
20141222,3.05
20141223,2.99
20141224,2.99
20141226,2.74
20141229,3.07
20141230,3.14
20141231,3.14
20150102,3.01
20150105,3.22
20150106,2.98
20150107,3.08
20150108,2.92
20150109,2.96
20150112,2.9
20150113,2.92
20150114,3.15
20150115,3.32
20150116,3.11
20150120,2.94
20150121,2.94
20150122,2.95
20150123,2.96
20150126,2.92
20150127,2.96
20150128,2.89
20150129,2.88
20150130,2.88
20150202,2.88
20150203,2.67
20150204,2.73
20150205,2.66
20150206,2.66
20150209,2.62
20150210,2.67
20150211,2.86
20150212,2.86
20150213,2.75
20150217,2.75
20150218,2.92
20150219,2.92
20150220,3.02
20150223,3.22
20150224,3.22
20150225,3.21
20150226,3.21
20150227,2.79
20150302,2.79
20150303,3.0
20150304,3.27
20150305,3.27
20150306,2.89
20150309,2.75
20150310,2.76
20150311,2.76
20150312,2.82
20150313,2.72
20150316,2.68
20150317,2.82
20150318,2.8
20150319,2.86
20150320,2.86
20150323,2.72
20150324,2.79
20150325,2.77
20150326,2.77
20150327,2.89
20150330,2.64
20150331,2.65
20150401,2.62
20150402,2.63
20150406,2.63
20150407,2.71
20150408,2.71
20150409,2.72
20150410,2.58
20150413,2.58
20150414,2.58
20150415,2.62
20150416,2.61
20150417,2.67
20150420,2.57
20150421,2.59
20150422,2.63
20150423,2.59
20150424,2.59
20150427,2.5
20150428,2.55
20150429,2.55
20150430,2.56
20150501,2.68
20150504,2.72
20150505,2.76
20150506,2.76
20150507,2.74
20150508,2.78
20150511,2.85
20150512,2.85
20150513,2.85
20150514,2.87
20150515,2.96
20150518,3.01
20150519,3.01
20150520,3.04
20150521,2.96
20150522,2.96
20150526,2.82
20150527,2.82
20150528,2.78
20150529,2.78
20150601,2.78
20150602,2.63
20150603,2.65
20150604,2.6
20150605,2.6
20150608,2.6
20150609,2.72
20150610,2.81
20150611,2.88
20150612,2.88
20150615,2.89
20150616,2.94
20150617,2.93
20150618,2.93
20150619,2.81
20150622,2.79
20150623,2.83
20150624,2.83
20150625,2.8
20150626,2.77
20150629,2.77
20150630,2.8
20150701,2.78
20150702,2.79
20150703,2.79
20150706,2.79
20150707,2.77
20150708,2.77
20150709,2.7
20150710,2.7
20150713,2.88
20150714,2.88
20150715,2.93
20150716,2.9
20150717,2.88
20150720,2.88
20150721,2.84
20150722,2.84
20150723,2.92
20150724,2.92
20150727,2.92
20150728,2.89
20150729,2.91
20150730,2.87
20150731,2.76
20150803,2.76
20150804,2.83
20150805,2.85
20150806,2.76
20150807,2.76
20150810,2.85
20150811,2.84
20150812,2.93
20150813,2.93
20150814,2.83
20150817,2.79
20150818,2.71
20150819,2.77
20150820,2.77
20150821,2.7
20150824,2.65
20150825,2.71
20150826,2.73
20150827,2.69
20150828,2.69
20150831,2.7
20150901,2.7
20150902,2.7
20150903,2.67
20150904,2.67
20150907,2.67
20150908,2.74
20150909,2.74
20150910,2.71
20150911,2.67
20150914,2.7
20150915,2.74
20150916,2.69
20150917,2.69
20150918,2.69
20150921,2.61
20150922,2.61
20150923,2.62
20150924,2.62
20150925,2.6
20150928,2.66
20150929,2.57
20150930,2.47
20151001,2.37
20151002,2.37
20151005,2.34
20151006,2.35
20151007,2.35
20151008,2.35
20151009,2.49
20151012,2.48
20151013,2.47
20151014,2.47
20151015,2.54
20151016,2.42
20151019,2.43
20151020,2.46
20151021,2.37
20151022,2.37
20151023,2.28
20151026,2.18
20151027,2.14
20151028,2.14
20151029,2.15
20151030,1.98
20151102,1.92
20151103,1.92
20151104,2.04
20151105,2.04
20151106,2.19
20151109,2.19
20151110,2.14
20151111,2.13
20151112,2.05
20151113,2.02
20151116,2.02
20151117,2.05
20151118,2.1
20151119,2.1
20151120,2.18
20151123,2.18
20151124,2.14
20151125,2.14
20151126,2.14
20151127,2.14
20151130,2.11
20151201,2.11
20151202,2.19
20151203,2.14
20151204,2.1
20151207,2.06
20151208,2.01
20151209,2.0
20151210,1.95
20151211,1.79
20151214,1.7
20151215,1.66
20151216,1.7
20151217,1.79
20151218,1.74
20151221,1.76
20151222,1.73
20151223,1.63
20151224,1.63
20151225,1.63
20151228,2.11
20151229,2.39
20151230,2.28
20151231,2.28
20160101,2.28
20160104,2.39
20160105,2.33
20160106,2.37
20160107,2.35
20160108,2.47
20160111,2.54
20160112,2.4
20160113,2.28
20160114,2.21
20160115,2.18
20160118,2.18
20160119,2.23
20160120,2.18
20160121,2.22
20160122,2.21
20160125,2.16
20160126,2.26
20160127,2.26
20160128,2.15
20160129,2.28
20160201,2.28
20160202,2.07
20160203,2.06
20160204,2.07
20160205,2.08
20160208,2.23
20160209,2.17
20160210,2.16
20160211,2.15
20160212,2.08
20160215,2.08
20160216,1.95
20160217,1.93
20160218,1.89
20160219,1.83
20160222,1.86
20160223,1.85
20160224,1.85
20160225,1.78
20160226,1.78
20160229,1.62
20160301,1.57
20160302,1.6
20160303,1.59
20160304,1.49
20160307,1.56
20160308,1.6
20160309,1.61
20160310,1.72
20160311,1.74
20160314,1.68
20160315,1.81
20160316,1.77
20160317,1.84
20160318,1.84
20160321,1.79
20160322,1.79
20160323,1.79
20160324,1.78
20160325,1.78
20160328,1.78
20160329,1.77
20160330,1.87
20160331,1.98
20160401,1.88
20160404,1.96
20160405,1.96
20160406,1.91
20160407,1.96
20160408,1.99
20160411,1.9
20160412,1.97
20160413,2.01
20160414,1.93
20160415,1.71
20160418,1.76
20160419,1.94
20160420,1.94
20160421,1.96
20160422,1.92
20160425,1.97
20160426,1.97
20160427,1.88
20160428,1.88
20160429,1.89
20160502,1.91
20160503,1.94
20160504,2.03
20160505,2.05
20160506,1.86
20160509,2.01
20160510,2.01
20160511,2.01
20160512,2.01
20160513,1.96
20160516,1.91
20160517,1.97
20160518,1.91
20160519,1.83
20160520,1.81
20160523,1.96
20160524,1.91
20160525,1.77
20160526,1.77
20160527,1.77
20160530,1.77
20160531,2.12
20160601,2.25
20160602,2.3
20160603,2.31
20160606,2.32
20160607,2.32
20160608,2.36
20160609,2.34
20160610,2.46
20160613,2.55
20160614,2.55
20160615,2.62
20160616,2.62
20160617,2.59
20160620,2.74
20160621,2.79
20160622,2.82
20160623,2.69
20160624,2.71
20160627,2.79
20160628,2.89
20160629,2.94
20160630,2.94
20160701,2.89
20160704,2.89
20160705,2.82
20160706,2.82
20160707,2.78
20160708,2.8
20160711,2.88
20160712,2.88
20160713,2.81
20160714,2.79
20160715,2.7
20160718,2.83
20160719,2.83
20160720,2.76
20160721,2.76
20160722,2.8
20160725,2.8
20160726,2.84
20160727,2.84
20160728,2.79
20160729,2.97
20160801,2.97
20160802,2.79
20160803,2.89
20160804,2.89
20160805,2.88
20160808,2.85
20160809,2.85
20160810,2.76
20160811,2.7
20160812,2.7
20160815,2.75
20160816,2.75
20160817,2.76
20160818,2.75
20160819,2.67
20160822,2.75
20160823,2.75
20160824,2.82
20160825,2.89
20160826,2.91
20160829,2.97
20160830,2.95
20160831,2.95
20160901,2.95
20160902,2.88
20160905,2.88
20160906,2.88
20160907,2.77
20160908,2.88
20160909,2.93
20160912,3.04
20160913,3.04
20160914,3.07
20160915,2.98
20160916,2.97
20160919,3.0
20160920,3.12
20160921,3.19
20160922,3.18
20160923,3.06
20160926,3.06
20160927,3.09
20160928,3.07
20160929,2.98
20160930,2.84
20161003,2.84
20161004,2.83
20161005,2.83
20161006,3.04
20161007,3.02
20161010,3.18
20161011,3.17
20161012,3.17
20161013,3.16
20161014,3.18
20161017,3.21
20161018,3.25
20161019,3.18
20161020,3.12
20161021,2.92
20161024,2.78
20161025,2.69
20161026,2.69
20161027,2.72
20161028,2.72
20161031,2.85
20161101,2.53
20161102,2.53
20161103,2.41
20161104,2.2
20161107,2.37
20161108,2.34
20161109,2.22
20161110,2.08
20161111,2.08
20161114,2.26
20161115,2.49
20161116,2.49
20161117,2.37
20161118,2.6
20161121,2.81
20161122,2.73
20161123,2.76
20161124,2.76
20161125,2.76
20161128,2.96
20161129,3.02
20161130,3.32
20161201,3.32
20161202,3.44
20161205,3.44
20161206,3.75
20161207,3.8
20161208,3.68
20161209,3.75
20161212,3.6
20161213,3.65
20161214,3.55
20161215,3.56
20161216,3.51
20161219,3.55
20161220,3.39
20161221,3.5
20161222,3.5
20161223,3.6
20161226,3.6
20161227,3.7
20161228,3.7
20161229,3.71
20161230,3.71
20170102,3.71
20170103,3.41
20170104,3.42
20170105,3.42
20170106,3.38
20170109,3.14
20170110,3.21
20170111,3.27
20170112,3.36
20170113,3.36
20170116,3.36
20170117,3.37
20170118,3.26
20170119,3.25
20170120,3.23
20170123,3.16
20170124,3.16
20170125,3.26
20170126,3.44
20170127,3.31
20170130,3.22
20170131,3.0
20170201,3.15
20170202,3.13
20170203,3.13
20170206,2.92
20170207,3.03
20170208,3.05
20170209,3.11
20170210,3.11
20170213,2.93
20170214,2.85
20170215,2.95
20170216,2.88
20170217,2.75
20170220,2.75
20170221,2.56
20170222,2.52
20170223,2.63
20170224,2.63
20170227,2.44
20170228,2.54
20170301,2.54
20170302,2.59
20170303,2.5
20170306,2.68
20170307,2.68
20170308,2.59
20170309,2.83
20170310,2.98
20170313,3.04
20170314,3.02
20170315,3.02
20170316,2.84
20170317,2.85
20170320,2.93
20170321,3.09
20170322,3.02
20170323,2.93
20170324,2.97
20170327,2.94
20170328,2.95
20170329,3.03
20170330,3.08
20170331,3.13
20170403,3.13
20170404,3.06
20170405,3.22
20170406,3.23
20170407,3.23
20170410,3.15
20170411,3.11
20170412,2.97
20170413,3.0
20170414,3.0
20170417,3.09
20170418,3.11
20170419,3.11
20170420,3.13
20170421,3.06
20170424,3.06
20170425,2.99
20170426,3.06
20170427,3.13
20170428,3.2
20170501,3.2
20170502,3.13
20170503,3.14
20170504,3.11
20170505,3.1
20170508,3.06
20170509,3.03
20170510,3.03
20170511,3.23
20170512,3.24
20170515,3.26
20170516,3.27
20170517,3.27
20170518,3.13
20170519,3.11
20170522,3.24
20170523,3.22
20170524,3.22
20170525,3.1
20170526,3.1
20170529,3.1
20170530,3.1
20170531,3.05
20170601,3.05
20170602,2.85
20170605,2.92
20170606,2.92
20170607,3.06
20170608,2.98
20170609,3.03
20170612,3.12
20170613,3.12
20170614,2.95
20170615,2.94
20170616,3.01
20170619,2.87
20170620,2.91
20170621,2.91
20170622,2.88
20170623,2.89
20170626,2.98
20170627,2.99
20170628,3.03
20170629,3.07
20170630,2.98
20170703,2.98
20170704,2.98
20170705,2.98
20170706,2.89
20170707,2.91
20170710,2.92
20170711,2.98
20170712,3.01
20170713,2.96
20170714,2.94
20170717,3.04
20170718,3.11
20170719,3.11
20170720,3.12
20170721,3.06
20170724,2.99
20170725,2.99
20170726,2.92
20170727,2.95
20170728,2.96
20170731,2.87
20170801,2.8
20170802,2.8
20170803,2.76
20170804,2.76
20170807,2.8
20170808,2.81
20170809,2.81
20170810,2.89
20170811,2.96
20170814,3.02
20170815,2.96
20170816,2.94
20170817,2.91
20170818,2.9
20170821,3.0
20170822,3.0
20170823,2.94
20170824,2.97
20170825,2.93
20170828,2.95
20170829,2.95
20170830,2.95
20170831,2.92
20170901,2.88
20170904,2.88
20170905,2.88
20170906,2.98
20170907,2.92
20170908,2.88
20170911,2.88
20170912,2.88
20170913,3.02
20170914,3.03
20170915,3.0
20170918,3.11
20170919,3.18
20170920,3.13
20170921,3.11
20170922,2.93
20170925,2.96
20170926,2.96
20170927,2.98
20170928,2.96
20170929,2.94
20171002,2.94
20171003,2.73
20171004,2.8
20171005,2.8
20171006,2.93
20171009,2.87
20171010,2.89
20171011,2.89
20171012,2.95
20171013,2.99
20171016,2.87
20171017,2.88
20171018,2.81
20171019,2.83
20171020,2.8
20171023,2.95
20171024,2.95
20171025,2.98
20171026,2.91
20171027,2.78
20171030,2.94
20171031,2.84
20171101,2.68
20171102,2.68
20171103,2.75
20171106,3.01
20171107,3.07
20171108,3.16
20171109,3.18
20171110,3.17
20171113,3.13
20171114,3.06
20171115,3.16
20171116,3.09
20171117,3.04
20171120,3.04
20171121,3.05
20171122,3.05
20171123,3.05
20171124,3.05
20171127,2.88
20171128,2.88
20171129,3.06
20171130,3.06
20171201,2.84
20171204,2.91
20171205,2.86
20171206,2.86
20171207,2.81
20171208,2.78
20171211,2.81
20171212,2.87
20171213,2.87
20171214,2.69
20171215,2.6
20171218,2.71
20171219,2.75
20171220,2.72
20171221,2.64
20171222,2.63
20171226,2.68
20171227,2.76
20171228,2.97
20171229,3.69
20180102,6.24
20180103,6.24
20180104,4.65
20180108,2.89
20180109,2.93
20180110,3.16
20180111,3.16
20180112,4.06
20180116,5.46
20180117,3.92
20180118,3.92
20180119,3.2
20180122,3.13
20180123,3.35
20180124,3.54
20180125,3.54
20180126,3.58
20180129,3.6
20180130,3.6
20180131,3.34
20180201,3.06
20180202,2.91
20180205,2.85
20180206,2.75
20180207,2.74
20180208,2.74
20180209,2.66
20180212,2.6
20180213,2.58
20180214,2.53
20180215,2.49
20180216,2.49
20180220,2.61
20180221,2.65
20180222,2.65
20180223,2.58
20180226,2.6
20180227,2.59
20180228,2.66
20180301,2.67
20180302,2.67
20180305,2.7
20180306,2.7
20180307,2.8
20180308,2.8
20180309,2.71
20180312,2.78
20180313,2.76
20180314,2.69
20180315,2.7
20180316,2.62
20180319,2.62
20180320,2.71
20180321,2.74
20180322,2.62
20180323,2.58
20180326,2.63
20180327,2.6
20180328,2.64
20180329,2.81
20180402,2.75
20180403,2.75
20180404,2.81
20180405,2.81
20180406,2.81
20180409,2.78
20180410,2.78
20180411,2.74
20180412,2.76
20180413,2.82
20180416,2.88
20180417,2.84
20180418,2.85
20180419,2.8
20180420,2.78
20180423,2.78
20180424,2.79
20180425,2.81
20180426,2.81
20180427,2.82
20180430,2.75
20180501,2.75
20180502,2.77
20180503,2.75
20180504,2.75
20180507,2.74
20180508,2.77
20180509,2.75
20180510,2.78
20180511,2.75
20180514,2.84
20180515,2.83
20180516,2.85
20180517,2.75
20180518,2.75
20180521,2.77
20180522,2.76
20180523,2.89
20180524,2.88
20180525,2.88
20180529,2.84
20180530,2.83
20180531,2.94
20180601,2.91
20180604,2.89
20180605,2.89
20180606,2.89
20180607,3.02
20180608,2.91
20180611,3.0
20180612,2.98
20180613,2.98
20180614,2.99
20180615,3.02
20180618,2.99
20180619,2.95
20180620,2.96
20180621,3.08
20180622,2.95
20180625,2.96
20180626,2.98
20180627,3.01
20180628,2.99
20180629,2.96
20180702,2.9
20180703,2.9
20180705,2.91
20180706,2.91
20180709,2.9
20180710,2.9
20180711,2.89
20180712,2.89
20180713,2.86
20180716,2.76
20180717,2.81
20180718,2.8
20180719,2.75
20180720,2.79
20180723,2.79
20180724,2.73
20180725,2.82
20180726,2.82
20180727,2.78
20180730,2.75
20180731,2.82
20180801,2.8
20180802,2.77
20180803,2.86
20180806,2.85
20180807,2.95
20180808,2.99
20180809,3.02
20180810,2.96
20180813,2.92
20180814,3.02
20180815,3.02
20180816,3.02
20180817,3.01
20180820,3.04
20180821,3.01
20180822,3.02
20180823,3.01
20180824,2.99
20180827,2.98
20180828,2.98
20180829,2.96
20180830,2.96
20180831,2.98
20180904,2.96
20180905,3.0
20180906,2.93
20180907,2.88
20180910,2.9
20180911,2.94
20180912,2.98
20180913,2.94
20180914,2.91
20180917,2.95
20180918,3.0
20180919,3.11
20180920,3.07
20180921,3.02
20180924,3.04
20180925,3.12
20180926,3.1
20180927,3.05
20180928,3.01
20181001,3.13
20181002,3.14
20181003,3.26
20181004,3.39
20181005,3.25
20181008,3.28
20181009,3.4
20181010,3.45
20181011,3.16
20181012,3.19
20181015,3.26
20181016,3.27
20181017,3.3
20181018,3.28
20181019,3.2
20181022,3.2
20181023,3.28
20181024,3.42
20181025,3.42
20181026,3.27
20181029,3.2
20181030,3.27
20181031,3.31
20181101,3.36
20181102,3.26
20181105,3.53
20181106,3.53
20181107,3.54
20181108,3.54
20181109,3.74
20181112,3.96
20181113,4.1
20181114,4.1
20181115,4.69
20181116,4.3
20181119,4.65
20181120,4.65
20181121,4.7
20181126,4.28
20181127,4.28
20181128,4.5
20181129,4.5
20181130,4.61
20181203,4.4
20181204,4.4
20181205,4.69
20181206,4.44
20181207,4.51
20181210,4.54
20181211,4.53
20181212,4.53
20181213,4.31
20181214,3.99
20181217,3.8
20181218,3.8
20181219,3.64
20181220,3.7
20181221,3.7
20181226,3.42
20181227,3.1
20181228,3.25
20190102,3.25
20190103,2.72
20190104,2.8
20190107,2.74
20190108,2.89
20190109,2.92
20190110,2.95
20190111,2.95
20190114,3.36
20190115,3.54
20190116,3.58
20190117,3.58
20190118,3.43
20190121,3.43
20190122,3.43
20190123,3.13
20190124,3.13
20190125,3.07
20190128,3.05
20190129,2.94
20190130,3.0
20190131,2.82
20190201,2.7
20190204,2.57
20190205,2.54
20190206,2.58
20190207,2.62
20190208,2.66
20190211,2.76
20190212,2.71
20190213,2.61
20190214,2.61
20190215,2.59
20190218,2.59
20190219,2.69
20190220,2.69
20190221,2.73
20190222,2.74
20190225,2.84
20190226,2.74
20190227,2.89
20190228,2.89
20190301,3.19
20190304,4.25
20190305,3.18
20190306,3.18
20190307,2.9
20190308,2.9
20190311,2.86
20190312,2.83
20190313,2.87
20190314,2.95
20190315,2.95
20190318,2.9
20190319,2.92
20190320,2.86
20190321,2.86
20190322,2.75
20190325,2.72
20190326,2.74
20190327,2.69
20190328,2.69
20190329,2.73
20190401,2.73
20190402,2.76
20190403,2.74
20190404,2.66
20190405,2.62
20190408,2.72
20190409,2.71
20190410,2.72
20190411,2.72
20190412,2.75
20190415,2.75
20190416,2.66
20190417,2.55
20190418,2.54
20190422,2.61
20190423,2.53
20190424,2.53
20190425,2.54
20190426,2.58
20190429,2.58
20190430,2.59
20190501,2.59
20190502,2.63
20190503,2.59
20190506,2.54
20190507,2.54
20190508,2.64
20190509,2.62
20190510,2.64
20190513,2.71
20190514,2.7
20190515,2.69
20190516,2.62
20190517,2.61
20190520,2.7
20190521,2.73
20190522,2.73
20190523,2.56
20190524,2.6
20190527,2.6
20190528,2.65
20190529,2.69
20190530,2.69
20190531,2.59
20190603,2.5
20190604,2.45
20190605,2.45
20190606,2.4
20190607,2.43
20190610,2.42
20190611,2.41
20190612,2.43
20190613,2.43
20190614,2.37
20190617,2.46
20190618,2.44
20190619,2.43
20190620,2.38
20190621,2.27
20190624,2.31
20190625,2.31
20190626,2.34
20190627,2.32
20190628,2.42
20190701,2.33
20190702,2.3
20190703,2.29
20190708,2.39
20190709,2.41
20190710,2.49
20190711,2.54
20190712,2.54
20190715,2.53
20190716,2.53
20190717,2.44
20190718,2.38
20190719,2.3
20190722,2.33
20190723,2.34
20190724,2.33
20190725,2.26
20190726,2.23
20190729,2.23
20190730,2.22
20190731,2.28
20190801,2.36
20190802,2.12
20190805,2.02
20190806,2.15
20190807,2.18
20190808,2.13
20190809,2.09
20190812,2.21
20190813,2.24
20190814,2.22
20190815,2.19
20190816,2.2
20190819,2.26
20190820,2.35
20190821,2.31
20190822,2.28
20190823,2.15
20190826,2.23
20190827,2.24
20190828,2.24
20190829,2.36
20190830,2.33
20190902,2.33
20190903,2.39
20190904,2.48
20190905,2.49
20190906,2.49
20190909,2.65
20190910,2.67
20190911,2.63
20190912,2.62
20190913,2.61
20190916,2.75
20190917,2.7
20190918,2.72
20190919,2.65
20190920,2.34
20190923,2.55
20190924,2.55
20190925,2.54
20190926,2.57
20190927,2.41
20190930,2.37
20191001,2.36
20191002,2.36
20191003,2.31
20191004,2.25
20191007,2.36
20191008,2.29
20191009,2.26
20191010,2.26
20191011,2.13
20191014,2.13
20191015,2.29
20191016,2.44
20191017,2.29
20191018,2.08
20191021,2.13
20191022,2.21
20191023,2.34
20191024,2.33
20191025,2.26
20191028,2.49
20191029,2.61
20191030,2.71
20191031,2.73
20191101,2.54
20191104,2.77
20191105,2.77
20191106,2.82
20191107,2.84
20191108,2.87
20191111,2.87
20191112,2.72
20191113,2.66
20191114,2.68
20191115,2.7
20191118,2.64
20191119,2.53
20191120,2.56
20191121,2.53
20191122,2.62
20191125,2.51
20191126,2.51
20191127,2.46
20191129,2.46
20191202,2.29
20191203,2.42
20191204,2.43
20191205,2.42
20191206,2.31
20191209,2.17
20191210,2.18
20191211,2.28
20191212,2.28
20191213,2.28
20191216,2.34
20191217,2.3
20191218,2.26
20191219,2.21
20191220,2.27
20191223,2.17
20191224,2.11
20191225,2.11
20191226,2.09
20191227,1.75
20191230,2.06
20191231,2.09
20200101,2.09
20200102,2.05
20200103,2.06
20200106,2.1
20200107,2.17
20200108,2.09
20200109,2.05
20200110,2.05
20200113,2.03
20200114,2.15
20200115,2.01
20200116,2.06
20200117,2.07
20200121,1.98
20200122,1.89
20200123,1.95
20200124,1.91
20200127,2.03
20200128,1.96
20200129,1.93
20200130,1.94
20200131,1.91
20200203,1.9
20200204,1.89
20200205,1.89
20200206,1.86
20200207,1.93
20200210,1.85
20200211,1.85
20200212,1.91
20200213,1.95
20200214,1.93
20200217,1.93
20200218,2.04
20200219,2.01
20200220,1.98
20200221,1.96
20200224,1.94
20200225,1.93
20200226,1.96
20200227,1.78
20200228,1.79
20200301,1.79
20200302,1.75
20200303,1.78
20200304,1.83
20200305,1.89
20200306,1.76
20200308,1.76
20200309,1.74
20200310,1.91
20200311,1.96
20200312,1.82
20200313,1.94
20200315,1.94
20200316,1.89
20200317,1.89
20200318,1.73
20200319,1.68
20200320,1.76
20200322,1.76
20200323,1.7
20200325,1.8
20200326,1.73
20200327,1.7
20200329,1.7
20200330,1.65
20200331,1.71
20200401,1.69
20200402,1.55
20200403,1.5
20200406,1.64
20200407,1.83
20200408,1.86
20200409,1.74
20200410,1.74
20200413,1.86
20200414,1.76
20200415,1.68
20200416,1.59
20200417,1.71
20200420,1.78
20200421,1.92
20200422,1.9
20200423,1.86
20200424,1.81
20200427,1.68
20200428,1.8
20200429,1.73
20200430,1.63
20200501,1.69
20200504,1.78
20200505,1.93
20200506,1.9
20200507,1.84
20200508,1.74
20200511,1.7
20200512,1.61
20200513,1.56
20200514,1.6
20200515,1.66
20200518,1.77
20200519,1.85
20200520,1.83
20200521,1.75
20200522,1.7
20200526,1.79
20200527,1.78
20200528,1.79
20200529,1.7
20200601,1.59
20200602,1.58
20200603,1.84
20200604,1.68
20200605,1.8
20200608,1.68
20200609,1.68
20200610,1.72
20200611,1.77
20200612,1.67
20200615,1.64
20200616,1.43
20200617,1.55
20200618,1.51
20200619,1.49
20200622,1.64
20200623,1.61
20200624,1.64
20200625,1.53
20200626,1.42
20200629,1.67
20200630,1.76
20200701,1.69
20200703,0.0
20200706,1.71
20200707,1.76
20200708,1.78
20200709,1.88
20200710,1.79
20200713,1.75
20200714,1.74
20200715,1.76
20200716,1.79
20200717,1.79
20200720,1.71
20200721,1.66
20200722,1.69
20200723,1.75
20200724,1.77
20200727,1.85
20200728,1.83
20200729,1.77
20200730,1.81
20200731,1.83
20200803,1.95
20200804,2.07
20200805,2.23
20200806,2.26
20200807,2.15
20200810,2.18
20200811,2.19
20200812,2.05
20200813,2.19
20200814,2.23
20200817,2.32
20200818,2.45
20200819,2.43
20200820,2.35
20200821,2.39
20200824,2.57
20200825,2.54
20200826,2.52
20200827,2.52
20200828,2.46
20200831,2.3
20200901,2.22
20200902,2.15
20200903,2.32
20200904,1.8
20200908,2.35
20200909,2.21
20200910,2.13
20200911,1.93
20200914,2.18
20200915,2.19
20200916,2.06
20200917,1.65
20200918,1.56
20200921,1.33
20200922,1.49
20200923,1.74
20200924,1.93
20200925,1.9
20200928,1.83
20200929,1.74
20200930,1.66
20201001,1.6
20201002,1.41
20201005,1.92
20201006,1.86
20201007,2.01
20201008,1.49
20201009,2.25
20201012,2.31
20201013,2.14
20201014,2.02
20201015,2.23
20201016,2.16
20201019,2.3
20201020,2.57
20201021,2.95
20201022,2.99
20201023,2.91
20201026,3.14
20201027,3.07
20201028,3.14
20201029,3.06
20201030,3.03
20201102,3.03
20201103,2.88
20201104,2.63
20201105,2.69
20201106,2.67
20201109,2.63
20201110,2.74
20201111,2.75
20201112,2.81
20201113,2.82
20201116,2.62
20201117,2.55
20201118,2.37
20201119,2.19
20201120,2.22
20201123,2.23
20201124,2.47
20201125,2.47
20201130,2.89
20201201,2.89
20201202,2.75
20201203,2.46
20201204,2.48
20201207,2.39
20201208,2.36
20201209,2.45
20201210,2.45
20201211,2.54
20201214,2.69
20201215,2.63
20201216,2.73
20201217,2.7
20201218,2.73
20201221,2.68
20201222,2.76
20201223,2.76
20201224,2.68
20201228,2.39
20201229,2.4
20201230,2.36
20210104,2.6
20210105,2.77
20210106,2.76
20210107,2.81
20210108,2.77
20210111,2.71
20210112,2.89
20210113,2.82
20210114,2.82
20210115,2.86
20210119,2.65
20210120,2.57
20210121,2.49
20210122,2.45
20210125,2.63
20210126,2.73
20210127,2.77
20210128,2.76
20210129,2.68
20210201,2.88
20210202,3.24
20210203,3.01
20210204,2.99
20210205,3.49
20210208,3.4
20210209,3.35
20210210,3.76
20210211,6.5
20210212,6.12
20210216,11.32
20210217,23.86
20210218,8.56
20210219,4.96
20210222,3.16
20210223,2.94
20210224,2.8
20210225,2.72
20210226,2.66
20210301,2.7
20210302,2.87
20210303,2.86
20210304,2.79
20210305,2.72
20210308,2.67
20210309,2.62
20210310,2.62
20210311,2.7
20210312,2.65
20210315,2.58
20210316,2.5
20210317,2.6
20210318,2.45
20210319,2.53
20210322,2.55
20210323,2.56
20210324,2.56
20210325,2.52
20210326,2.52
20210329,2.58
20210330,2.55
20210331,2.52
20210401,2.52
20210405,2.43
20210406,2.44
20210407,2.43
20210408,2.47
20210409,2.48
20210412,2.5
20210413,2.57
20210414,2.65
20210415,2.62
20210416,2.63
20210419,2.75
20210420,2.76
20210421,2.72
20210422,2.77
20210423,2.79
20210426,2.73
20210427,2.91
20210428,2.98
20210429,2.91
20210430,2.86
20210503,2.96
20210504,3.0
20210505,2.99
20210506,2.9
20210507,2.9
20210510,2.93
20210511,2.91
20210512,2.91
20210513,2.95
20210514,2.95
20210517,2.99
20210518,2.96
20210519,2.88
20210520,2.86
20210521,2.84
20210524,2.78
20210525,2.87
20210526,2.91
20210527,2.85
20210528,2.91
20210531,2.91
20210601,3.02
20210602,3.09
20210603,3.01
20210604,3.01
20210607,2.98
20210608,3.11
20210609,3.13
20210610,3.13
20210611,3.23
20210614,3.36
20210615,3.31
20210616,3.25
20210617,3.24
20210618,3.23
20210621,3.15
20210622,3.21
20210623,3.36
20210624,3.3
20210625,3.4
20210628,3.62
20210629,3.75
20210630,3.79
20210701,3.76
20210702,3.67
20210705,3.67
20210706,3.68
20210707,3.66
20210708,3.56
20210709,3.71
20210712,3.7
20210713,3.78
20210714,3.8
20210715,3.68
20210716,3.7
20210719,3.75
20210720,3.82
20210721,3.94
20210722,4.02
20210723,4.11
20210726,4.09
20210727,4.15
20210728,4.1
20210729,4.03
20210730,3.94
20210802,4.02
20210803,4.06
20210804,4.2
20210805,4.27
20210806,4.21
20210809,4.24
20210810,4.12
20210811,4.07
20210812,4.1
20210813,3.95
20210816,3.93
20210817,3.92
20210818,3.86
20210819,3.83
20210820,3.94
20210823,3.93
20210824,3.95
20210825,4.03
20210826,4.07
20210827,4.35
20210830,4.25
20210831,4.33
20210901,4.45
20210902,4.65
20210903,4.77
20210907,4.71
20210908,4.66
20210909,4.97
20210910,5.13
20210913,5.21
20210914,5.39
20210915,5.66
20210916,5.52
20210917,5.32
20210920,5.25
20210921,4.96
20210922,4.92
20210923,4.94
20210924,5.1
20210927,5.53
20210928,5.94
20210929,5.73
20210930,5.58
20211001,5.61
20211004,5.8
20211005,6.37
20211006,6.0
20211007,5.71
20211008,5.46
20211011,5.46
20211012,5.34
20211013,5.56
20211014,5.92
20211015,5.44
20211018,5.01
20211019,4.81
20211020,4.87
20211021,4.94
20211022,5.1
20211025,5.72
20211026,5.59
20211027,5.91
20211028,5.68
20211029,5.49
20211101,5.22
20211102,5.33
20211103,5.59
20211104,5.73
20211105,5.51
20211108,5.53
20211109,5.08
20211110,4.56
20211111,4.81
20211112,4.97
20211115,4.77
20211116,5.11
20211117,4.82
20211118,4.95
20211119,4.9
20211122,4.83
20211123,4.95
20211124,4.93
20211125,4.93
20211126,4.93
20211129,4.9
20211130,4.52
20211201,4.31
20211202,4.08
20211203,3.79
20211206,3.66
20211207,3.6
20211208,3.79
20211209,3.67
20211210,3.65
20211213,4.05
20211214,3.71
20211215,3.79
20211216,3.67
20211217,3.71
20211220,3.91
20211221,3.96
20211222,3.95
20211223,3.56
20211227,3.45
20211228,3.32
20211229,3.4
20211230,3.82
20211231,3.82
20220103,3.74
20220104,3.73
20220105,3.78
20220106,3.94
20220107,3.83
20220110,4.16
20220111,4.16
20220112,4.62
20220113,4.78
20220114,4.37
20220117,4.37
20220118,4.55
20220119,4.89
20220120,4.45
20220121,4.11
20220124,4.2
20220125,4.24
20220126,4.43
20220127,4.43
20220128,5.69
20220131,5.56
20220201,5.45
20220202,6.7
20220203,5.84
20220204,5.34
20220207,4.44
20220208,4.3
20220209,4.13
20220210,4.03
20220211,4.04
20220214,4.05
20220215,4.31
20220216,4.39
20220217,4.57
20220218,4.61
20220221,4.61
20220222,4.48
20220223,4.59
20220224,4.78
20220225,4.63
20220228,4.46
20220301,4.36
20220302,4.65
20220303,4.63
20220304,4.74
20220307,4.93
20220308,4.61
20220309,4.55
20220310,4.65
20220311,4.79
20220314,4.59
20220315,4.46
20220316,4.68
20220317,4.8
20220318,4.87
20220321,4.77
20220322,5.0
20220323,5.26
20220324,5.19
20220325,5.51
20220328,5.52
20220329,5.32
20220330,5.32
20220331,5.46
20220401,5.43
20220404,5.72
20220405,5.95
20220406,6.29
20220407,6.05
20220408,6.38
20220411,6.35
20220412,6.59
20220413,6.68
20220414,6.94
20220418,7.48
20220419,7.44
20220420,7.12
20220421,6.88
20220422,6.59
20220425,6.42
20220426,6.89
20220427,6.91
20220428,6.97
20220429,6.84
20220502,7.3
20220503,7.84
