,Day,Price
4507,20150105,3.22
4508,20150106,2.98
4509,20150107,3.08
4510,20150108,2.92
4511,20150109,2.96
4512,20150112,2.9
4513,20150113,2.92
4514,20150114,3.15
4515,20150115,3.32
4516,20150116,3.11
4517,20150120,2.94
4518,20150121,2.94
4519,20150122,2.95
4520,20150123,2.96
4521,20150126,2.92
4522,20150127,2.96
4523,20150128,2.89
4524,20150129,2.88
4525,20150130,2.88
4526,20150202,2.88
4527,20150203,2.67
4528,20150204,2.73
4529,20150205,2.66
4530,20150206,2.66
4531,20150209,2.62
4532,20150210,2.67
4533,20150211,2.86
4534,20150212,2.86
4535,20150213,2.75
4536,20150217,2.75
4537,20150218,2.92
4538,20150219,2.92
4539,20150220,3.02
4540,20150223,3.22
4541,20150224,3.22
4542,20150225,3.21
4543,20150226,3.21
4544,20150227,2.79
4545,20150302,2.79
4546,20150303,3.0
4547,20150304,3.27
4548,20150305,3.27
4549,20150306,2.89
4550,20150309,2.75
4551,20150310,2.76
4552,20150311,2.76
4553,20150312,2.82
4554,20150313,2.72
4555,20150316,2.68
4556,20150317,2.82
4557,20150318,2.8
4558,20150319,2.86
4559,20150320,2.86
4560,20150323,2.72
4561,20150324,2.79
4562,20150325,2.77
4563,20150326,2.77
4564,20150327,2.89
4565,20150330,2.64
4566,20150331,2.65
4567,20150401,2.62
4568,20150402,2.63
4569,20150406,2.63
4570,20150407,2.71
4571,20150408,2.71
4572,20150409,2.72
4573,20150410,2.58
4574,20150413,2.58
4575,20150414,2.58
4576,20150415,2.62
4577,20150416,2.61
4578,20150417,2.67
4579,20150420,2.57
4580,20150421,2.59
4581,20150422,2.63
4582,20150423,2.59
4583,20150424,2.59
4584,20150427,2.5
4585,20150428,2.55
4586,20150429,2.55
4587,20150430,2.56
4588,20150501,2.68
4589,20150504,2.72
4590,20150505,2.76
4591,20150506,2.76
4592,20150507,2.74
4593,20150508,2.78
4594,20150511,2.85
4595,20150512,2.85
4596,20150513,2.85
4597,20150514,2.87
4598,20150515,2.96
4599,20150518,3.01
4600,20150519,3.01
4601,20150520,3.04
4602,20150521,2.96
4603,20150522,2.96
4604,20150526,2.82
4605,20150527,2.82
4606,20150528,2.78
4607,20150529,2.78
4608,20150601,2.78
4609,20150602,2.63
4610,20150603,2.65
4611,20150604,2.6
4612,20150605,2.6
4613,20150608,2.6
4614,20150609,2.72
4615,20150610,2.81
4616,20150611,2.88
4617,20150612,2.88
4618,20150615,2.89
4619,20150616,2.94
4620,20150617,2.93
4621,20150618,2.93
4622,20150619,2.81
4623,20150622,2.79
4624,20150623,2.83
4625,20150624,2.83
4626,20150625,2.8
4627,20150626,2.77
4628,20150629,2.77
4629,20150630,2.8
4630,20150701,2.78
4631,20150702,2.79
4632,20150703,2.79
4633,20150706,2.79
4634,20150707,2.77
4635,20150708,2.77
4636,20150709,2.7
4637,20150710,2.7
4638,20150713,2.88
4639,20150714,2.88
4640,20150715,2.93
4641,20150716,2.9
4642,20150717,2.88
4643,20150720,2.88
4644,20150721,2.84
4645,20150722,2.84
4646,20150723,2.92
4647,20150724,2.92
4648,20150727,2.92
4649,20150728,2.89
4650,20150729,2.91
4651,20150730,2.87
4652,20150731,2.76
4653,20150803,2.76
4654,20150804,2.83
4655,20150805,2.85
4656,20150806,2.76
4657,20150807,2.76
4658,20150810,2.85
4659,20150811,2.84
4660,20150812,2.93
4661,20150813,2.93
4662,20150814,2.83
4663,20150817,2.79
4664,20150818,2.71
4665,20150819,2.77
4666,20150820,2.77
4667,20150821,2.7
4668,20150824,2.65
4669,20150825,2.71
4670,20150826,2.73
4671,20150827,2.69
4672,20150828,2.69
4673,20150831,2.7
4674,20150901,2.7
4675,20150902,2.7
4676,20150903,2.67
4677,20150904,2.67
4678,20150907,2.67
4679,20150908,2.74
4680,20150909,2.74
4681,20150910,2.71
4682,20150911,2.67
4683,20150914,2.7
4684,20150915,2.74
4685,20150916,2.69
4686,20150917,2.69
4687,20150918,2.69
4688,20150921,2.61
4689,20150922,2.61
4690,20150923,2.62
4691,20150924,2.62
4692,20150925,2.6
4693,20150928,2.66
4694,20150929,2.57
4695,20150930,2.47
4696,20151001,2.37
4697,20151002,2.37
4698,20151005,2.34
4699,20151006,2.35
4700,20151007,2.35
4701,20151008,2.35
4702,20151009,2.49
4703,20151012,2.48
4704,20151013,2.47
4705,20151014,2.47
4706,20151015,2.54
4707,20151016,2.42
4708,20151019,2.43
4709,20151020,2.46
4710,20151021,2.37
4711,20151022,2.37
4712,20151023,2.28
4713,20151026,2.18
4714,20151027,2.14
4715,20151028,2.14
4716,20151029,2.15
4717,20151030,1.98
4718,20151102,1.92
4719,20151103,1.92
4720,20151104,2.04
4721,20151105,2.04
4722,20151106,2.19
4723,20151109,2.19
4724,20151110,2.14
4725,20151111,2.13
4726,20151112,2.05
4727,20151113,2.02
4728,20151116,2.02
4729,20151117,2.05
4730,20151118,2.1
4731,20151119,2.1
4732,20151120,2.18
4733,20151123,2.18
4734,20151124,2.14
4735,20151125,2.14
4736,20151126,2.14
4737,20151127,2.14
4738,20151130,2.11
4739,20151201,2.11
4740,20151202,2.19
4741,20151203,2.14
4742,20151204,2.1
4743,20151207,2.06
4744,20151208,2.01
4745,20151209,2.0
4746,20151210,1.95
4747,20151211,1.79
4748,20151214,1.7
4749,20151215,1.66
4750,20151216,1.7
4751,20151217,1.79
4752,20151218,1.74
4753,20151221,1.76
4754,20151222,1.73
4755,20151223,1.63
4756,20151224,1.63
4757,20151225,1.63
4758,20151228,2.11
4759,20151229,2.39
4760,20151230,2.28
4761,20151231,2.28
4762,20160101,2.28
4763,20160104,2.39
4764,20160105,2.33
4765,20160106,2.37
4766,20160107,2.35
4767,20160108,2.47
4768,20160111,2.54
4769,20160112,2.4
4770,20160113,2.28
4771,20160114,2.21
4772,20160115,2.18
4773,20160118,2.18
4774,20160119,2.23
4775,20160120,2.18
4776,20160121,2.22
4777,20160122,2.21
4778,20160125,2.16
4779,20160126,2.26
4780,20160127,2.26
4781,20160128,2.15
4782,20160129,2.28
4783,20160201,2.28
4784,20160202,2.07
4785,20160203,2.06
4786,20160204,2.07
4787,20160205,2.08
4788,20160208,2.23
4789,20160209,2.17
4790,20160210,2.16
4791,20160211,2.15
4792,20160212,2.08
4793,20160215,2.08
4794,20160216,1.95
4795,20160217,1.93
4796,20160218,1.89
4797,20160219,1.83
4798,20160222,1.86
4799,20160223,1.85
4800,20160224,1.85
4801,20160225,1.78
4802,20160226,1.78
4803,20160229,1.62
4804,20160301,1.57
4805,20160302,1.6
4806,20160303,1.59
4807,20160304,1.49
4808,20160307,1.56
4809,20160308,1.6
4810,20160309,1.61
4811,20160310,1.72
4812,20160311,1.74
4813,20160314,1.68
4814,20160315,1.81
4815,20160316,1.77
4816,20160317,1.84
4817,20160318,1.84
4818,20160321,1.79
4819,20160322,1.79
4820,20160323,1.79
4821,20160324,1.78
4822,20160325,1.78
4823,20160328,1.78
4824,20160329,1.77
4825,20160330,1.87
4826,20160331,1.98
4827,20160401,1.88
4828,20160404,1.96
4829,20160405,1.96
4830,20160406,1.91
4831,20160407,1.96
4832,20160408,1.99
4833,20160411,1.9
4834,20160412,1.97
4835,20160413,2.01
4836,20160414,1.93
4837,20160415,1.71
4838,20160418,1.76
4839,20160419,1.94
4840,20160420,1.94
4841,20160421,1.96
4842,20160422,1.92
4843,20160425,1.97
4844,20160426,1.97
4845,20160427,1.88
4846,20160428,1.88
4847,20160429,1.89
4848,20160502,1.91
4849,20160503,1.94
4850,20160504,2.03
4851,20160505,2.05
4852,20160506,1.86
4853,20160509,2.01
4854,20160510,2.01
4855,20160511,2.01
4856,20160512,2.01
4857,20160513,1.96
4858,20160516,1.91
4859,20160517,1.97
4860,20160518,1.91
4861,20160519,1.83
4862,20160520,1.81
4863,20160523,1.96
4864,20160524,1.91
4865,20160525,1.77
4866,20160526,1.77
4867,20160527,1.77
4868,20160530,1.77
4869,20160531,2.12
4870,20160601,2.25
4871,20160602,2.3
4872,20160603,2.31
4873,20160606,2.32
4874,20160607,2.32
4875,20160608,2.36
4876,20160609,2.34
4877,20160610,2.46
4878,20160613,2.55
4879,20160614,2.55
4880,20160615,2.62
4881,20160616,2.62
4882,20160617,2.59
4883,20160620,2.74
4884,20160621,2.79
4885,20160622,2.82
4886,20160623,2.69
4887,20160624,2.71
4888,20160627,2.79
4889,20160628,2.89
4890,20160629,2.94
4891,20160630,2.94
4892,20160701,2.89
4893,20160704,2.89
4894,20160705,2.82
4895,20160706,2.82
4896,20160707,2.78
4897,20160708,2.8
4898,20160711,2.88
4899,20160712,2.88
4900,20160713,2.81
4901,20160714,2.79
4902,20160715,2.7
4903,20160718,2.83
4904,20160719,2.83
4905,20160720,2.76
4906,20160721,2.76
4907,20160722,2.8
4908,20160725,2.8
4909,20160726,2.84
4910,20160727,2.84
4911,20160728,2.79
4912,20160729,2.97
4913,20160801,2.97
4914,20160802,2.79
4915,20160803,2.89
4916,20160804,2.89
4917,20160805,2.88
4918,20160808,2.85
4919,20160809,2.85
4920,20160810,2.76
4921,20160811,2.7
4922,20160812,2.7
4923,20160815,2.75
4924,20160816,2.75
4925,20160817,2.76
4926,20160818,2.75
4927,20160819,2.67
4928,20160822,2.75
4929,20160823,2.75
4930,20160824,2.82
4931,20160825,2.89
4932,20160826,2.91
4933,20160829,2.97
4934,20160830,2.95
4935,20160831,2.95
4936,20160901,2.95
4937,20160902,2.88
4938,20160905,2.88
4939,20160906,2.88
4940,20160907,2.77
4941,20160908,2.88
4942,20160909,2.93
4943,20160912,3.04
4944,20160913,3.04
4945,20160914,3.07
4946,20160915,2.98
4947,20160916,2.97
4948,20160919,3.0
4949,20160920,3.12
4950,20160921,3.19
4951,20160922,3.18
4952,20160923,3.06
4953,20160926,3.06
4954,20160927,3.09
4955,20160928,3.07
4956,20160929,2.98
4957,20160930,2.84
4958,20161003,2.84
4959,20161004,2.83
4960,20161005,2.83
4961,20161006,3.04
4962,20161007,3.02
4963,20161010,3.18
4964,20161011,3.17
4965,20161012,3.17
4966,20161013,3.16
4967,20161014,3.18
4968,20161017,3.21
4969,20161018,3.25
4970,20161019,3.18
4971,20161020,3.12
4972,20161021,2.92
4973,20161024,2.78
4974,20161025,2.69
4975,20161026,2.69
4976,20161027,2.72
4977,20161028,2.72
4978,20161031,2.85
4979,20161101,2.53
4980,20161102,2.53
4981,20161103,2.41
4982,20161104,2.2
4983,20161107,2.37
4984,20161108,2.34
4985,20161109,2.22
4986,20161110,2.08
4987,20161111,2.08
4988,20161114,2.26
4989,20161115,2.49
4990,20161116,2.49
4991,20161117,2.37
4992,20161118,2.6
4993,20161121,2.81
4994,20161122,2.73
4995,20161123,2.76
4996,20161124,2.76
4997,20161125,2.76
4998,20161128,2.96
4999,20161129,3.02
5000,20161130,3.32
5001,20161201,3.32
5002,20161202,3.44
5003,20161205,3.44
5004,20161206,3.75
5005,20161207,3.8
5006,20161208,3.68
5007,20161209,3.75
5008,20161212,3.6
5009,20161213,3.65
5010,20161214,3.55
5011,20161215,3.56
5012,20161216,3.51
5013,20161219,3.55
5014,20161220,3.39
5015,20161221,3.5
5016,20161222,3.5
5017,20161223,3.6
5018,20161226,3.6
5019,20161227,3.7
5020,20161228,3.7
5021,20161229,3.71
5022,20161230,3.71
5023,20170102,3.71
5024,20170103,3.41
5025,20170104,3.42
5026,20170105,3.42
5027,20170106,3.38
5028,20170109,3.14
5029,20170110,3.21
5030,20170111,3.27
5031,20170112,3.36
5032,20170113,3.36
5033,20170116,3.36
5034,20170117,3.37
5035,20170118,3.26
5036,20170119,3.25
5037,20170120,3.23
5038,20170123,3.16
5039,20170124,3.16
5040,20170125,3.26
5041,20170126,3.44
5042,20170127,3.31
5043,20170130,3.22
5044,20170131,3.0
5045,20170201,3.15
5046,20170202,3.13
5047,20170203,3.13
5048,20170206,2.92
5049,20170207,3.03
5050,20170208,3.05
5051,20170209,3.11
5052,20170210,3.11
5053,20170213,2.93
5054,20170214,2.85
5055,20170215,2.95
5056,20170216,2.88
5057,20170217,2.75
5058,20170220,2.75
5059,20170221,2.56
5060,20170222,2.52
5061,20170223,2.63
5062,20170224,2.63
5063,20170227,2.44
5064,20170228,2.54
5065,20170301,2.54
5066,20170302,2.59
5067,20170303,2.5
5068,20170306,2.68
5069,20170307,2.68
5070,20170308,2.59
5071,20170309,2.83
5072,20170310,2.98
5073,20170313,3.04
5074,20170314,3.02
5075,20170315,3.02
5076,20170316,2.84
5077,20170317,2.85
5078,20170320,2.93
5079,20170321,3.09
5080,20170322,3.02
5081,20170323,2.93
5082,20170324,2.97
5083,20170327,2.94
5084,20170328,2.95
5085,20170329,3.03
5086,20170330,3.08
5087,20170331,3.13
5088,20170403,3.13
5089,20170404,3.06
5090,20170405,3.22
5091,20170406,3.23
5092,20170407,3.23
5093,20170410,3.15
5094,20170411,3.11
5095,20170412,2.97
5096,20170413,3.0
5097,20170414,3.0
5098,20170417,3.09
5099,20170418,3.11
5100,20170419,3.11
5101,20170420,3.13
5102,20170421,3.06
5103,20170424,3.06
5104,20170425,2.99
5105,20170426,3.06
5106,20170427,3.13
5107,20170428,3.2
5108,20170501,3.2
5109,20170502,3.13
5110,20170503,3.14
5111,20170504,3.11
5112,20170505,3.1
5113,20170508,3.06
5114,20170509,3.03
5115,20170510,3.03
5116,20170511,3.23
5117,20170512,3.24
5118,20170515,3.26
5119,20170516,3.27
5120,20170517,3.27
5121,20170518,3.13
5122,20170519,3.11
5123,20170522,3.24
5124,20170523,3.22
5125,20170524,3.22
5126,20170525,3.1
5127,20170526,3.1
5128,20170529,3.1
5129,20170530,3.1
5130,20170531,3.05
5131,20170601,3.05
5132,20170602,2.85
5133,20170605,2.92
5134,20170606,2.92
5135,20170607,3.06
5136,20170608,2.98
5137,20170609,3.03
5138,20170612,3.12
5139,20170613,3.12
5140,20170614,2.95
5141,20170615,2.94
5142,20170616,3.01
5143,20170619,2.87
5144,20170620,2.91
5145,20170621,2.91
5146,20170622,2.88
5147,20170623,2.89
5148,20170626,2.98
5149,20170627,2.99
5150,20170628,3.03
5151,20170629,3.07
5152,20170630,2.98
5153,20170703,2.98
5154,20170704,2.98
5155,20170705,2.98
5156,20170706,2.89
5157,20170707,2.91
5158,20170710,2.92
5159,20170711,2.98
5160,20170712,3.01
5161,20170713,2.96
5162,20170714,2.94
5163,20170717,3.04
5164,20170718,3.11
5165,20170719,3.11
5166,20170720,3.12
5167,20170721,3.06
5168,20170724,2.99
5169,20170725,2.99
5170,20170726,2.92
5171,20170727,2.95
5172,20170728,2.96
5173,20170731,2.87
5174,20170801,2.8
5175,20170802,2.8
5176,20170803,2.76
5177,20170804,2.76
5178,20170807,2.8
5179,20170808,2.81
5180,20170809,2.81
5181,20170810,2.89
5182,20170811,2.96
5183,20170814,3.02
5184,20170815,2.96
5185,20170816,2.94
5186,20170817,2.91
5187,20170818,2.9
5188,20170821,3.0
5189,20170822,3.0
5190,20170823,2.94
5191,20170824,2.97
5192,20170825,2.93
5193,20170828,2.95
5194,20170829,2.95
5195,20170830,2.95
5196,20170831,2.92
5197,20170901,2.88
5198,20170904,2.88
5199,20170905,2.88
5200,20170906,2.98
5201,20170907,2.92
5202,20170908,2.88
5203,20170911,2.88
5204,20170912,2.88
5205,20170913,3.02
5206,20170914,3.03
5207,20170915,3.0
5208,20170918,3.11
5209,20170919,3.18
5210,20170920,3.13
5211,20170921,3.11
5212,20170922,2.93
5213,20170925,2.96
5214,20170926,2.96
5215,20170927,2.98
5216,20170928,2.96
5217,20170929,2.94
5218,20171002,2.94
5219,20171003,2.73
5220,20171004,2.8
5221,20171005,2.8
5222,20171006,2.93
5223,20171009,2.87
5224,20171010,2.89
5225,20171011,2.89
5226,20171012,2.95
5227,20171013,2.99
5228,20171016,2.87
5229,20171017,2.88
5230,20171018,2.81
5231,20171019,2.83
5232,20171020,2.8
5233,20171023,2.95
5234,20171024,2.95
5235,20171025,2.98
5236,20171026,2.91
5237,20171027,2.78
5238,20171030,2.94
5239,20171031,2.84
5240,20171101,2.68
5241,20171102,2.68
5242,20171103,2.75
5243,20171106,3.01
5244,20171107,3.07
5245,20171108,3.16
5246,20171109,3.18
5247,20171110,3.17
5248,20171113,3.13
5249,20171114,3.06
5250,20171115,3.16
5251,20171116,3.09
5252,20171117,3.04
5253,20171120,3.04
5254,20171121,3.05
5255,20171122,3.05
5256,20171123,3.05
5257,20171124,3.05
5258,20171127,2.88
5259,20171128,2.88
5260,20171129,3.06
5261,20171130,3.06
5262,20171201,2.84
5263,20171204,2.91
5264,20171205,2.86
5265,20171206,2.86
5266,20171207,2.81
5267,20171208,2.78
5268,20171211,2.81
5269,20171212,2.87
5270,20171213,2.87
5271,20171214,2.69
5272,20171215,2.6
5273,20171218,2.71
5274,20171219,2.75
5275,20171220,2.72
5276,20171221,2.64
5277,20171222,2.63
5278,20171226,2.68
5279,20171227,2.76
5280,20171228,2.97
5281,20171229,3.69
5282,20180102,6.24
5283,20180103,6.24
5284,20180104,4.65
5285,20180108,2.89
5286,20180109,2.93
5287,20180110,3.16
5288,20180111,3.16
5289,20180112,4.06
5290,20180116,5.46
5291,20180117,3.92
5292,20180118,3.92
5293,20180119,3.2
5294,20180122,3.13
5295,20180123,3.35
5296,20180124,3.54
5297,20180125,3.54
5298,20180126,3.58
5299,20180129,3.6
5300,20180130,3.6
5301,20180131,3.34
5302,20180201,3.06
5303,20180202,2.91
5304,20180205,2.85
5305,20180206,2.75
5306,20180207,2.74
5307,20180208,2.74
5308,20180209,2.66
5309,20180212,2.6
5310,20180213,2.58
5311,20180214,2.53
5312,20180215,2.49
5313,20180216,2.49
5314,20180220,2.61
5315,20180221,2.65
5316,20180222,2.65
5317,20180223,2.58
5318,20180226,2.6
5319,20180227,2.59
5320,20180228,2.66
5321,20180301,2.67
5322,20180302,2.67
5323,20180305,2.7
5324,20180306,2.7
5325,20180307,2.8
5326,20180308,2.8
5327,20180309,2.71
5328,20180312,2.78
5329,20180313,2.76
5330,20180314,2.69
5331,20180315,2.7
5332,20180316,2.62
5333,20180319,2.62
5334,20180320,2.71
5335,20180321,2.74
5336,20180322,2.62
5337,20180323,2.58
5338,20180326,2.63
5339,20180327,2.6
5340,20180328,2.64
5341,20180329,2.81
5342,20180402,2.75
5343,20180403,2.75
5344,20180404,2.81
5345,20180405,2.81
5346,20180406,2.81
5347,20180409,2.78
5348,20180410,2.78
5349,20180411,2.74
5350,20180412,2.76
5351,20180413,2.82
5352,20180416,2.88
5353,20180417,2.84
5354,20180418,2.85
5355,20180419,2.8
5356,20180420,2.78
5357,20180423,2.78
5358,20180424,2.79
5359,20180425,2.81
5360,20180426,2.81
5361,20180427,2.82
5362,20180430,2.75
5363,20180501,2.75
5364,20180502,2.77
5365,20180503,2.75
5366,20180504,2.75
5367,20180507,2.74
5368,20180508,2.77
5369,20180509,2.75
5370,20180510,2.78
5371,20180511,2.75
5372,20180514,2.84
5373,20180515,2.83
5374,20180516,2.85
5375,20180517,2.75
5376,20180518,2.75
5377,20180521,2.77
5378,20180522,2.76
5379,20180523,2.89
5380,20180524,2.88
5381,20180525,2.88
5382,20180529,2.84
5383,20180530,2.83
5384,20180531,2.94
5385,20180601,2.91
5386,20180604,2.89
5387,20180605,2.89
5388,20180606,2.89
5389,20180607,3.02
5390,20180608,2.91
5391,20180611,3.0
5392,20180612,2.98
5393,20180613,2.98
5394,20180614,2.99
5395,20180615,3.02
5396,20180618,2.99
5397,20180619,2.95
5398,20180620,2.96
5399,20180621,3.08
5400,20180622,2.95
5401,20180625,2.96
5402,20180626,2.98
5403,20180627,3.01
5404,20180628,2.99
5405,20180629,2.96
5406,20180702,2.9
5407,20180703,2.9
5408,20180705,2.91
5409,20180706,2.91
5410,20180709,2.9
5411,20180710,2.9
5412,20180711,2.89
5413,20180712,2.89
5414,20180713,2.86
5415,20180716,2.76
5416,20180717,2.81
5417,20180718,2.8
5418,20180719,2.75
5419,20180720,2.79
5420,20180723,2.79
5421,20180724,2.73
5422,20180725,2.82
5423,20180726,2.82
5424,20180727,2.78
5425,20180730,2.75
5426,20180731,2.82
5427,20180801,2.8
5428,20180802,2.77
5429,20180803,2.86
5430,20180806,2.85
5431,20180807,2.95
5432,20180808,2.99
5433,20180809,3.02
5434,20180810,2.96
5435,20180813,2.92
5436,20180814,3.02
5437,20180815,3.02
5438,20180816,3.02
5439,20180817,3.01
5440,20180820,3.04
5441,20180821,3.01
5442,20180822,3.02
5443,20180823,3.01
5444,20180824,2.99
5445,20180827,2.98
5446,20180828,2.98
5447,20180829,2.96
5448,20180830,2.96
5449,20180831,2.98
5450,20180904,2.96
5451,20180905,3.0
5452,20180906,2.93
5453,20180907,2.88
5454,20180910,2.9
5455,20180911,2.94
5456,20180912,2.98
5457,20180913,2.94
5458,20180914,2.91
5459,20180917,2.95
5460,20180918,3.0
5461,20180919,3.11
5462,20180920,3.07
5463,20180921,3.02
5464,20180924,3.04
5465,20180925,3.12
5466,20180926,3.1
5467,20180927,3.05
5468,20180928,3.01
5469,20181001,3.13
5470,20181002,3.14
5471,20181003,3.26
5472,20181004,3.39
5473,20181005,3.25
5474,20181008,3.28
5475,20181009,3.4
5476,20181010,3.45
5477,20181011,3.16
5478,20181012,3.19
5479,20181015,3.26
5480,20181016,3.27
5481,20181017,3.3
5482,20181018,3.28
5483,20181019,3.2
5484,20181022,3.2
5485,20181023,3.28
5486,20181024,3.42
5487,20181025,3.42
5488,20181026,3.27
5489,20181029,3.2
5490,20181030,3.27
5491,20181031,3.31
5492,20181101,3.36
5493,20181102,3.26
5494,20181105,3.53
5495,20181106,3.53
5496,20181107,3.54
5497,20181108,3.54
5498,20181109,3.74
5499,20181112,3.96
5500,20181113,4.1
5501,20181114,4.1
5502,20181115,4.69
5503,20181116,4.3
5504,20181119,4.65
5505,20181120,4.65
5506,20181121,4.7
5507,20181126,4.28
5508,20181127,4.28
5509,20181128,4.5
5510,20181129,4.5
5511,20181130,4.61
5512,20181203,4.4
5513,20181204,4.4
5514,20181205,4.69
5515,20181206,4.44
5516,20181207,4.51
5517,20181210,4.54
5518,20181211,4.53
5519,20181212,4.53
5520,20181213,4.31
5521,20181214,3.99
5522,20181217,3.8
5523,20181218,3.8
5524,20181219,3.64
5525,20181220,3.7
5526,20181221,3.7
5527,20181226,3.42
5528,20181227,3.1
5529,20181228,3.25
5530,20190102,3.25
5531,20190103,2.72
5532,20190104,2.8
5533,20190107,2.74
5534,20190108,2.89
5535,20190109,2.92
5536,20190110,2.95
5537,20190111,2.95
5538,20190114,3.36
5539,20190115,3.54
5540,20190116,3.58
5541,20190117,3.58
5542,20190118,3.43
5543,20190121,3.43
5544,20190122,3.43
5545,20190123,3.13
5546,20190124,3.13
5547,20190125,3.07
5548,20190128,3.05
5549,20190129,2.94
5550,20190130,3.0
5551,20190131,2.82
5552,20190201,2.7
5553,20190204,2.57
5554,20190205,2.54
5555,20190206,2.58
5556,20190207,2.62
5557,20190208,2.66
5558,20190211,2.76
5559,20190212,2.71
5560,20190213,2.61
5561,20190214,2.61
5562,20190215,2.59
5563,20190218,2.59
5564,20190219,2.69
5565,20190220,2.69
5566,20190221,2.73
5567,20190222,2.74
5568,20190225,2.84
5569,20190226,2.74
5570,20190227,2.89
5571,20190228,2.89
5572,20190301,3.19
5573,20190304,4.25
5574,20190305,3.18
5575,20190306,3.18
5576,20190307,2.9
5577,20190308,2.9
5578,20190311,2.86
5579,20190312,2.83
5580,20190313,2.87
5581,20190314,2.95
5582,20190315,2.95
5583,20190318,2.9
5584,20190319,2.92
5585,20190320,2.86
5586,20190321,2.86
5587,20190322,2.75
5588,20190325,2.72
5589,20190326,2.74
5590,20190327,2.69
5591,20190328,2.69
5592,20190329,2.73
5593,20190401,2.73
5594,20190402,2.76
5595,20190403,2.74
5596,20190404,2.66
5597,20190405,2.62
5598,20190408,2.72
5599,20190409,2.71
5600,20190410,2.72
5601,20190411,2.72
5602,20190412,2.75
5603,20190415,2.75
5604,20190416,2.66
5605,20190417,2.55
5606,20190418,2.54
5607,20190422,2.61
5608,20190423,2.53
5609,20190424,2.53
5610,20190425,2.54
5611,20190426,2.58
5612,20190429,2.58
5613,20190430,2.59
5614,20190501,2.59
5615,20190502,2.63
5616,20190503,2.59
5617,20190506,2.54
5618,20190507,2.54
5619,20190508,2.64
5620,20190509,2.62
5621,20190510,2.64
5622,20190513,2.71
5623,20190514,2.7
5624,20190515,2.69
5625,20190516,2.62
5626,20190517,2.61
5627,20190520,2.7
5628,20190521,2.73
5629,20190522,2.73
5630,20190523,2.56
5631,20190524,2.6
5632,20190527,2.6
5633,20190528,2.65
5634,20190529,2.69
5635,20190530,2.69
5636,20190531,2.59
5637,20190603,2.5
5638,20190604,2.45
5639,20190605,2.45
5640,20190606,2.4
5641,20190607,2.43
5642,20190610,2.42
5643,20190611,2.41
5644,20190612,2.43
5645,20190613,2.43
5646,20190614,2.37
5647,20190617,2.46
5648,20190618,2.44
5649,20190619,2.43
5650,20190620,2.38
5651,20190621,2.27
5652,20190624,2.31
5653,20190625,2.31
5654,20190626,2.34
5655,20190627,2.32
5656,20190628,2.42
5657,20190701,2.33
5658,20190702,2.3
5659,20190703,2.29
5660,20190708,2.39
5661,20190709,2.41
5662,20190710,2.49
5663,20190711,2.54
5664,20190712,2.54
5665,20190715,2.53
5666,20190716,2.53
5667,20190717,2.44
5668,20190718,2.38
5669,20190719,2.3
5670,20190722,2.33
5671,20190723,2.34
5672,20190724,2.33
5673,20190725,2.26
5674,20190726,2.23
5675,20190729,2.23
5676,20190730,2.22
5677,20190731,2.28
5678,20190801,2.36
5679,20190802,2.12
5680,20190805,2.02
5681,20190806,2.15
5682,20190807,2.18
5683,20190808,2.13
5684,20190809,2.09
5685,20190812,2.21
5686,20190813,2.24
5687,20190814,2.22
5688,20190815,2.19
5689,20190816,2.2
5690,20190819,2.26
5691,20190820,2.35
5692,20190821,2.31
5693,20190822,2.28
5694,20190823,2.15
5695,20190826,2.23
5696,20190827,2.24
5697,20190828,2.24
5698,20190829,2.36
5699,20190830,2.33
5700,20190902,2.33
5701,20190903,2.39
5702,20190904,2.48
5703,20190905,2.49
5704,20190906,2.49
5705,20190909,2.65
5706,20190910,2.67
5707,20190911,2.63
5708,20190912,2.62
5709,20190913,2.61
5710,20190916,2.75
5711,20190917,2.7
5712,20190918,2.72
5713,20190919,2.65
5714,20190920,2.34
5715,20190923,2.55
5716,20190924,2.55
5717,20190925,2.54
5718,20190926,2.57
5719,20190927,2.41
5720,20190930,2.37
5721,20191001,2.36
5722,20191002,2.36
5723,20191003,2.31
5724,20191004,2.25
5725,20191007,2.36
5726,20191008,2.29
5727,20191009,2.26
5728,20191010,2.26
5729,20191011,2.13
5730,20191014,2.13
5731,20191015,2.29
5732,20191016,2.44
5733,20191017,2.29
5734,20191018,2.08
5735,20191021,2.13
5736,20191022,2.21
5737,20191023,2.34
5738,20191024,2.33
5739,20191025,2.26
5740,20191028,2.49
5741,20191029,2.61
5742,20191030,2.71
5743,20191031,2.73
5744,20191101,2.54
5745,20191104,2.77
5746,20191105,2.77
5747,20191106,2.82
5748,20191107,2.84
5749,20191108,2.87
5750,20191111,2.87
5751,20191112,2.72
5752,20191113,2.66
5753,20191114,2.68
5754,20191115,2.7
5755,20191118,2.64
5756,20191119,2.53
5757,20191120,2.56
5758,20191121,2.53
5759,20191122,2.62
5760,20191125,2.51
5761,20191126,2.51
5762,20191127,2.46
5763,20191129,2.46
5764,20191202,2.29
5765,20191203,2.42
5766,20191204,2.43
5767,20191205,2.42
5768,20191206,2.31
5769,20191209,2.17
5770,20191210,2.18
5771,20191211,2.28
5772,20191212,2.28
5773,20191213,2.28
5774,20191216,2.34
5775,20191217,2.3
5776,20191218,2.26
5777,20191219,2.21
5778,20191220,2.27
5779,20191223,2.17
5780,20191224,2.11
5781,20191225,2.11
5782,20191226,2.09
5783,20191227,1.75
5784,20191230,2.06
5785,20191231,2.09
5786,20200101,2.09
5787,20200102,2.05
5788,20200103,2.06
5789,20200106,2.1
5790,20200107,2.17
5791,20200108,2.09
5792,20200109,2.05
5793,20200110,2.05
5794,20200113,2.03
5795,20200114,2.15
5796,20200115,2.01
5797,20200116,2.06
5798,20200117,2.07
5799,20200121,1.98
5800,20200122,1.89
5801,20200123,1.95
5802,20200124,1.91
5803,20200127,2.03
5804,20200128,1.96
5805,20200129,1.93
5806,20200130,1.94
5807,20200131,1.91
5808,20200203,1.9
5809,20200204,1.89
5810,20200205,1.89
5811,20200206,1.86
5812,20200207,1.93
5813,20200210,1.85
5814,20200211,1.85
5815,20200212,1.91
5816,20200213,1.95
5817,20200214,1.93
5818,20200217,1.93
5819,20200218,2.04
5820,20200219,2.01
5821,20200220,1.98
5822,20200221,1.96
5823,20200224,1.94
5824,20200225,1.93
5825,20200226,1.96
5826,20200227,1.78
5827,20200228,1.79
5828,20200301,1.79
5829,20200302,1.75
5830,20200303,1.78
5831,20200304,1.83
5832,20200305,1.89
5833,20200306,1.76
5834,20200308,1.76
5835,20200309,1.74
5836,20200310,1.91
5837,20200311,1.96
5838,20200312,1.82
5839,20200313,1.94
5840,20200315,1.94
5841,20200316,1.89
5842,20200317,1.89
5843,20200318,1.73
5844,20200319,1.68
5845,20200320,1.76
5846,20200322,1.76
5847,20200323,1.7
5848,20200325,1.8
5849,20200326,1.73
5850,20200327,1.7
5851,20200329,1.7
5852,20200330,1.65
5853,20200331,1.71
5854,20200401,1.69
5855,20200402,1.55
5856,20200403,1.5
5857,20200406,1.64
5858,20200407,1.83
5859,20200408,1.86
5860,20200409,1.74
5861,20200410,1.74
5862,20200413,1.86
5863,20200414,1.76
5864,20200415,1.68
5865,20200416,1.59
5866,20200417,1.71
5867,20200420,1.78
5868,20200421,1.92
5869,20200422,1.9
5870,20200423,1.86
5871,20200424,1.81
5872,20200427,1.68
5873,20200428,1.8
5874,20200429,1.73
5875,20200430,1.63
5876,20200501,1.69
5877,20200504,1.78
5878,20200505,1.93
5879,20200506,1.9
5880,20200507,1.84
5881,20200508,1.74
5882,20200511,1.7
5883,20200512,1.61
5884,20200513,1.56
5885,20200514,1.6
5886,20200515,1.66
5887,20200518,1.77
5888,20200519,1.85
5889,20200520,1.83
5890,20200521,1.75
5891,20200522,1.7
5892,20200526,1.79
5893,20200527,1.78
5894,20200528,1.79
5895,20200529,1.7
5896,20200601,1.59
5897,20200602,1.58
5898,20200603,1.84
5899,20200604,1.68
5900,20200605,1.8
5901,20200608,1.68
5902,20200609,1.68
5903,20200610,1.72
5904,20200611,1.77
5905,20200612,1.67
5906,20200615,1.64
5907,20200616,1.43
5908,20200617,1.55
5909,20200618,1.51
5910,20200619,1.49
5911,20200622,1.64
5912,20200623,1.61
5913,20200624,1.64
5914,20200625,1.53
5915,20200626,1.42
5916,20200629,1.67
5917,20200630,1.76
5918,20200701,1.69
5919,20200703,0.0
5920,20200706,1.71
5921,20200707,1.76
5922,20200708,1.78
5923,20200709,1.88
5924,20200710,1.79
5925,20200713,1.75
5926,20200714,1.74
5927,20200715,1.76
5928,20200716,1.79
5929,20200717,1.79
5930,20200720,1.71
5931,20200721,1.66
5932,20200722,1.69
5933,20200723,1.75
5934,20200724,1.77
5935,20200727,1.85
5936,20200728,1.83
5937,20200729,1.77
5938,20200730,1.81
5939,20200731,1.83
5940,20200803,1.95
5941,20200804,2.07
5942,20200805,2.23
5943,20200806,2.26
5944,20200807,2.15
5945,20200810,2.18
5946,20200811,2.19
5947,20200812,2.05
5948,20200813,2.19
5949,20200814,2.23
5950,20200817,2.32
5951,20200818,2.45
5952,20200819,2.43
5953,20200820,2.35
5954,20200821,2.39
5955,20200824,2.57
5956,20200825,2.54
5957,20200826,2.52
5958,20200827,2.52
5959,20200828,2.46
5960,20200831,2.3
5961,20200901,2.22
5962,20200902,2.15
5963,20200903,2.32
5964,20200904,1.8
5965,20200908,2.35
5966,20200909,2.21
5967,20200910,2.13
5968,20200911,1.93
5969,20200914,2.18
5970,20200915,2.19
5971,20200916,2.06
5972,20200917,1.65
5973,20200918,1.56
5974,20200921,1.33
5975,20200922,1.49
5976,20200923,1.74
5977,20200924,1.93
5978,20200925,1.9
5979,20200928,1.83
5980,20200929,1.74
5981,20200930,1.66
5982,20201001,1.6
5983,20201002,1.41
5984,20201005,1.92
5985,20201006,1.86
5986,20201007,2.01
5987,20201008,1.49
5988,20201009,2.25
5989,20201012,2.31
5990,20201013,2.14
5991,20201014,2.02
5992,20201015,2.23
5993,20201016,2.16
5994,20201019,2.3
5995,20201020,2.57
5996,20201021,2.95
5997,20201022,2.99
5998,20201023,2.91
5999,20201026,3.14
6000,20201027,3.07
6001,20201028,3.14
6002,20201029,3.06
6003,20201030,3.03
6004,20201102,3.03
6005,20201103,2.88
6006,20201104,2.63
6007,20201105,2.69
6008,20201106,2.67
6009,20201109,2.63
6010,20201110,2.74
6011,20201111,2.75
6012,20201112,2.81
6013,20201113,2.82
6014,20201116,2.62
6015,20201117,2.55
6016,20201118,2.37
6017,20201119,2.19
6018,20201120,2.22
6019,20201123,2.23
6020,20201124,2.47
6021,20201125,2.47
6022,20201130,2.89
6023,20201201,2.89
6024,20201202,2.75
6025,20201203,2.46
6026,20201204,2.48
6027,20201207,2.39
6028,20201208,2.36
6029,20201209,2.45
6030,20201210,2.45
6031,20201211,2.54
6032,20201214,2.69
6033,20201215,2.63
6034,20201216,2.73
6035,20201217,2.7
6036,20201218,2.73
6037,20201221,2.68
6038,20201222,2.76
6039,20201223,2.76
6040,20201224,2.68
6041,20201228,2.39
6042,20201229,2.4
6043,20201230,2.36
6044,20210104,2.6
6045,20210105,2.77
6046,20210106,2.76
6047,20210107,2.81
6048,20210108,2.77
6049,20210111,2.71
6050,20210112,2.89
6051,20210113,2.82
6052,20210114,2.82
6053,20210115,2.86
6054,20210119,2.65
6055,20210120,2.57
6056,20210121,2.49
6057,20210122,2.45
6058,20210125,2.63
6059,20210126,2.73
6060,20210127,2.77
6061,20210128,2.76
6062,20210129,2.68
6063,20210201,2.88
6064,20210202,3.24
6065,20210203,3.01
6066,20210204,2.99
6067,20210205,3.49
6068,20210208,3.4
6069,20210209,3.35
6070,20210210,3.76
6071,20210211,6.5
6072,20210212,6.12
6073,20210216,11.32
6074,20210217,23.86
6075,20210218,8.56
6076,20210219,4.96
6077,20210222,3.16
6078,20210223,2.94
6079,20210224,2.8
6080,20210225,2.72
6081,20210226,2.66
6082,20210301,2.7
6083,20210302,2.87
6084,20210303,2.86
6085,20210304,2.79
6086,20210305,2.72
6087,20210308,2.67
6088,20210309,2.62
6089,20210310,2.62
6090,20210311,2.7
6091,20210312,2.65
6092,20210315,2.58
6093,20210316,2.5
6094,20210317,2.6
6095,20210318,2.45
6096,20210319,2.53
6097,20210322,2.55
6098,20210323,2.56
6099,20210324,2.56
6100,20210325,2.52
6101,20210326,2.52
6102,20210329,2.58
6103,20210330,2.55
6104,20210331,2.52
6105,20210401,2.52
6106,20210405,2.43
6107,20210406,2.44
6108,20210407,2.43
6109,20210408,2.47
6110,20210409,2.48
6111,20210412,2.5
6112,20210413,2.57
6113,20210414,2.65
6114,20210415,2.62
6115,20210416,2.63
6116,20210419,2.75
6117,20210420,2.76
6118,20210421,2.72
6119,20210422,2.77
6120,20210423,2.79
6121,20210426,2.73
6122,20210427,2.91
6123,20210428,2.98
6124,20210429,2.91
6125,20210430,2.86
6126,20210503,2.96
6127,20210504,3.0
6128,20210505,2.99
6129,20210506,2.9
6130,20210507,2.9
6131,20210510,2.93
6132,20210511,2.91
6133,20210512,2.91
6134,20210513,2.95
6135,20210514,2.95
6136,20210517,2.99
6137,20210518,2.96
6138,20210519,2.88
6139,20210520,2.86
6140,20210521,2.84
6141,20210524,2.78
6142,20210525,2.87
6143,20210526,2.91
6144,20210527,2.85
6145,20210528,2.91
6146,20210531,2.91
6147,20210601,3.02
6148,20210602,3.09
6149,20210603,3.01
6150,20210604,3.01
6151,20210607,2.98
6152,20210608,3.11
6153,20210609,3.13
6154,20210610,3.13
6155,20210611,3.23
6156,20210614,3.36
6157,20210615,3.31
6158,20210616,3.25
6159,20210617,3.24
6160,20210618,3.23
6161,20210621,3.15
6162,20210622,3.21
6163,20210623,3.36
6164,20210624,3.3
6165,20210625,3.4
6166,20210628,3.62
6167,20210629,3.75
6168,20210630,3.79
6169,20210701,3.76
6170,20210702,3.67
6171,20210705,3.67
6172,20210706,3.68
6173,20210707,3.66
6174,20210708,3.56
6175,20210709,3.71
6176,20210712,3.7
6177,20210713,3.78
6178,20210714,3.8
6179,20210715,3.68
6180,20210716,3.7
6181,20210719,3.75
6182,20210720,3.82
6183,20210721,3.94
6184,20210722,4.02
6185,20210723,4.11
6186,20210726,4.09
6187,20210727,4.15
6188,20210728,4.1
6189,20210729,4.03
6190,20210730,3.94
6191,20210802,4.02
6192,20210803,4.06
6193,20210804,4.2
6194,20210805,4.27
6195,20210806,4.21
6196,20210809,4.24
6197,20210810,4.12
6198,20210811,4.07
6199,20210812,4.1
6200,20210813,3.95
6201,20210816,3.93
6202,20210817,3.92
6203,20210818,3.86
6204,20210819,3.83
6205,20210820,3.94
6206,20210823,3.93
6207,20210824,3.95
6208,20210825,4.03
6209,20210826,4.07
6210,20210827,4.35
6211,20210830,4.25
6212,20210831,4.33
6213,20210901,4.45
6214,20210902,4.65
6215,20210903,4.77
6216,20210907,4.71
6217,20210908,4.66
6218,20210909,4.97
6219,20210910,5.13
6220,20210913,5.21
6221,20210914,5.39
6222,20210915,5.66
6223,20210916,5.52
6224,20210917,5.32
6225,20210920,5.25
6226,20210921,4.96
6227,20210922,4.92
6228,20210923,4.94
6229,20210924,5.1
6230,20210927,5.53
6231,20210928,5.94
6232,20210929,5.73
6233,20210930,5.58
6234,20211001,5.61
6235,20211004,5.8
6236,20211005,6.37
6237,20211006,6.0
6238,20211007,5.71
6239,20211008,5.46
6240,20211011,5.46
6241,20211012,5.34
6242,20211013,5.56
6243,20211014,5.92
6244,20211015,5.44
6245,20211018,5.01
6246,20211019,4.81
6247,20211020,4.87
6248,20211021,4.94
6249,20211022,5.1
6250,20211025,5.72
6251,20211026,5.59
6252,20211027,5.91
6253,20211028,5.68
6254,20211029,5.49
6255,20211101,5.22
6256,20211102,5.33
6257,20211103,5.59
6258,20211104,5.73
6259,20211105,5.51
6260,20211108,5.53
6261,20211109,5.08
6262,20211110,4.56
6263,20211111,4.81
6264,20211112,4.97
6265,20211115,4.77
6266,20211116,5.11
6267,20211117,4.82
6268,20211118,4.95
6269,20211119,4.9
6270,20211122,4.83
6271,20211123,4.95
6272,20211124,4.93
6273,20211125,4.93
6274,20211126,4.93
6275,20211129,4.9
6276,20211130,4.52
6277,20211201,4.31
6278,20211202,4.08
6279,20211203,3.79
6280,20211206,3.66
6281,20211207,3.6
6282,20211208,3.79
6283,20211209,3.67
6284,20211210,3.65
6285,20211213,4.05
6286,20211214,3.71
6287,20211215,3.79
6288,20211216,3.67
6289,20211217,3.71
6290,20211220,3.91
6291,20211221,3.96
6292,20211222,3.95
6293,20211223,3.56
6294,20211227,3.45
6295,20211228,3.32
6296,20211229,3.4
6297,20211230,3.82
6298,20211231,3.82
6299,20220103,3.74
6300,20220104,3.73
6301,20220105,3.78
6302,20220106,3.94
6303,20220107,3.83
6304,20220110,4.16
6305,20220111,4.16
6306,20220112,4.62
6307,20220113,4.78
6308,20220114,4.37
6309,20220117,4.37
6310,20220118,4.55
6311,20220119,4.89
6312,20220120,4.45
6313,20220121,4.11
6314,20220124,4.2
6315,20220125,4.24
6316,20220126,4.43
6317,20220127,4.43
6318,20220128,5.69
6319,20220131,5.56
6320,20220201,5.45
6321,20220202,6.7
6322,20220203,5.84
6323,20220204,5.34
6324,20220207,4.44
6325,20220208,4.3
6326,20220209,4.13
6327,20220210,4.03
6328,20220211,4.04
6329,20220214,4.05
6330,20220215,4.31
6331,20220216,4.39
6332,20220217,4.57
6333,20220218,4.61
6334,20220221,4.61
6335,20220222,4.48
6336,20220223,4.59
6337,20220224,4.78
6338,20220225,4.63
6339,20220228,4.46
6340,20220301,4.36
6341,20220302,4.65
6342,20220303,4.63
6343,20220304,4.74
6344,20220307,4.93
6345,20220308,4.61
6346,20220309,4.55
6347,20220310,4.65
6348,20220311,4.79
6349,20220314,4.59
6350,20220315,4.46
6351,20220316,4.68
6352,20220317,4.8
6353,20220318,4.87
6354,20220321,4.77
6355,20220322,5.0
6356,20220323,5.26
6357,20220324,5.19
6358,20220325,5.51
6359,20220328,5.52
6360,20220329,5.32
6361,20220330,5.32
6362,20220331,5.46
6363,20220401,5.43
6364,20220404,5.72
6365,20220405,5.95
6366,20220406,6.29
6367,20220407,6.05
6368,20220408,6.38
6369,20220411,6.35
6370,20220412,6.59
6371,20220413,6.68
6372,20220414,6.94
6373,20220418,7.48
6374,20220419,7.44
6375,20220420,7.12
6376,20220421,6.88
6377,20220422,6.59
6378,20220425,6.42
6379,20220426,6.89
